ean,desc_sku,store,status,price_brl,found_name,message
7509546060781,CREME DENTAL COLGATE COLGATE BABY SEM FLUOR 50g SINGLE,Drogaria Venancio,Success,23.59,Creme Dental Colgate Kids Baby Primeiros Dentinhos Sem Flúor 50g,
7509546060781,CREME DENTAL COLGATE COLGATE BABY SEM FLUOR 50g SINGLE,Drogaria São Paulo,Success,21.99,Gel Dental Colgate Baby Meus Primeiros Dentinhos Sem Flúor Sabor Fruta Suave 50g,
7509546060781,CREME DENTAL COLGATE COLGATE BABY SEM FLUOR 50g SINGLE,Drogarias Pacheco,Success,23.59,Gel Dental Colgate Baby Meus Primeiros Dentinhos Sem Flúor Sabor Fruta Suave 50g,
7509546060781,CREME DENTAL COLGATE COLGATE BABY SEM FLUOR 50g SINGLE,Drogal,Success,24.55,Creme Dental Colgate Baby Primeiros Dentinhos Sem Flúor 50g,
7509546060781,CREME DENTAL COLGATE COLGATE BABY SEM FLUOR 50g SINGLE,Farmácia Indiana,Success,28.99,Creme Dental Colgate Kids Sem Flúor 50g,
7509546060781,CREME DENTAL COLGATE COLGATE BABY SEM FLUOR 50g SINGLE,Drogaria Catarinense,Success,23.87,Gel Dental Colgate Baby 50gr Sem Fluor Fruta Suave,
7509546060781,CREME DENTAL COLGATE COLGATE BABY SEM FLUOR 50g SINGLE,Pague Menos,Success,22.99,Gel Dental Colgate Baby Primeiros Dentinhos 50g,
7509546060781,CREME DENTAL COLGATE COLGATE BABY SEM FLUOR 50g SINGLE,Farmácias São João,Success,29.99,Creme Dental Colgate 50g Kids sem Flúor,
7509546061689,ESCOVA DENTAL COLGATE SLIM SOFT BLACK 2UND BIPACK,Drogarias Pacheco,Success,16.59,Escova de Dente Colgate Slim Soft Black Cerdas Macias Preta 2 Unidades,
7509546061689,ESCOVA DENTAL COLGATE SLIM SOFT BLACK 2UND BIPACK,Pague Menos,Success,19.99,Escova Dental Colgate Slim Soft Black Infusão de Carvão Cerdas Macia 2 Unidades,
7509546061689,ESCOVA DENTAL COLGATE SLIM SOFT BLACK 2UND BIPACK,Drogal,Success,19.95,Escova Dental Colgate Slim Soft Black 2 Unidades,
7509546061689,ESCOVA DENTAL COLGATE SLIM SOFT BLACK 2UND BIPACK,Drogaria São Paulo,Success,18.59,Escova de Dente Colgate Slim Soft Black Cerdas Macias Preta 2 Unidades,
7509546061689,ESCOVA DENTAL COLGATE SLIM SOFT BLACK 2UND BIPACK,Farmácias São João,Success,24.99,Escova Dental Colgate Slimsoft Black 2 Unidades,
7509546061689,ESCOVA DENTAL COLGATE SLIM SOFT BLACK 2UND BIPACK,Drogaria Catarinense,Success,21.24,Escova Dental Colgate Slim Soft Carvão 2 Unidades,
7509546061689,ESCOVA DENTAL COLGATE SLIM SOFT BLACK 2UND BIPACK,Farmácia Indiana,Success,26.99,Escova Dental Colgate Slim Black Cerdas Ultrafinas 2 Unidades,
7509546069593,CREME DENTAL COLGATE SMILES MINIONS 100g SINGLE,Drogaria São Paulo,Success,14.59,Pasta de Dente Infantil Colgate Minions Bubble Fruit 100g,
7509546061689,ESCOVA DENTAL COLGATE SLIM SOFT BLACK 2UND BIPACK,Drogaria Venancio,Success,18.99,Escova Dental Colgate Slim Soft Black 2 Unidades,
7509546069593,CREME DENTAL COLGATE SMILES MINIONS 100g SINGLE,Pague Menos,Success,16.99,Creme Dental Infantil Colgate Smiles Minions Sabor Bubble Fruit 100g,
7509546069593,CREME DENTAL COLGATE SMILES MINIONS 100g SINGLE,Drogarias Pacheco,Success,15.59,Pasta de Dente Infantil Colgate Minions Bubble Fruit 100g,
7509546069593,CREME DENTAL COLGATE SMILES MINIONS 100g SINGLE,Drogal,Success,15.55,Gel Dental Infantil Colgate Smiles Minions 100g,
7509546069593,CREME DENTAL COLGATE SMILES MINIONS 100g SINGLE,Drogaria Venancio,Success,14.49,Gel Dental Colgate Smiles Minions 100g,
7509546069593,CREME DENTAL COLGATE SMILES MINIONS 100g SINGLE,Drogaria Catarinense,Success,15.89,Creme Dental Infantil Colgate Minions Bubble Fruit 100g,
7509546069593,CREME DENTAL COLGATE SMILES MINIONS 100g SINGLE,Farmácia Indiana,Success,18.99,Gel Dental Kids Smiles Minions Colgate Infantil Anti-cáries 100g,
7509546074399,ESCOVA DENTAL COLGATE SLIM SOFT BLACK 3UND TRIPACK,Drogaria São Paulo,Success,26.49,Escova de Dente Colgate Slim Soft Black 3 Unidades,
7509546069593,CREME DENTAL COLGATE SMILES MINIONS 100g SINGLE,Farmácias São João,Success,18.99,Creme Dental Colgate Kids Minions 100g,
7509546074399,ESCOVA DENTAL COLGATE SLIM SOFT BLACK 3UND TRIPACK,Drogarias Pacheco,Success,23.99,Escova de Dente Colgate Slim Soft Black 3 Unidades,
7509546074399,ESCOVA DENTAL COLGATE SLIM SOFT BLACK 3UND TRIPACK,Pague Menos,Success,24.99,Escova Dental Colgate Slim Soft Black Infusão de Carvão Cerdas Ultrafinas Macias 3 Unidades,
7509546074399,ESCOVA DENTAL COLGATE SLIM SOFT BLACK 3UND TRIPACK,Farmácias São João,Success,35.99,Escova Dental Colgate Slimsoft Black 3 Unidades,
7509546074399,ESCOVA DENTAL COLGATE SLIM SOFT BLACK 3UND TRIPACK,Drogal,Success,21.19,Escova Dental Colgate Slim Soft Black Macia 3 Unidades,
7509546074399,ESCOVA DENTAL COLGATE SLIM SOFT BLACK 3UND TRIPACK,Drogaria Venancio,Success,23.99,Escova Dental Colgate Slim Soft Black 3 Unidades,
7509546074399,ESCOVA DENTAL COLGATE SLIM SOFT BLACK 3UND TRIPACK,Drogaria Catarinense,Success,28.86,Escova Dental Colgate Slim Soft Carvão 3 Unidades,
7509546060781,CREME DENTAL COLGATE COLGATE BABY SEM FLUOR 50g SINGLE,Droga Raia,Success,23.69,Gel Dental Colgate Baby Primeiros Dentinhos Sem Flúor 3-24 Meses Fruta Suave 50g,
7509546074399,ESCOVA DENTAL COLGATE SLIM SOFT BLACK 3UND TRIPACK,Farmácia Indiana,Success,33.24,Escova Dental Slim Soft Black Macia Colgate 3 Unidades,
7509546061689,ESCOVA DENTAL COLGATE SLIM SOFT BLACK 2UND BIPACK,Drogasil,Not Found,,,"Product found, but no price available."
7509546061689,ESCOVA DENTAL COLGATE SLIM SOFT BLACK 2UND BIPACK,Droga Raia,Success,18.98,Escova de Dente Colgate Slim Soft Black Macia com 2 unidades,
7509546069593,CREME DENTAL COLGATE SMILES MINIONS 100g SINGLE,Droga Raia,Success,15.19,Creme Dental Infantil Colgate Smiles Minions Bubble Fruit 100g,
7509546080864,ESCOVA DENTAL COLGATE ZIG ZAG CARVAO 4UND FOURPACK,Drogaria São Paulo,Success,24.49,Escova de Dente Colgate ZigZag Carvão 4 Unidades,
7509546080864,ESCOVA DENTAL COLGATE ZIG ZAG CARVAO 4UND FOURPACK,Drogarias Pacheco,Success,15.0,Escova de Dente Colgate ZigZag Carvão 4 Unidades,
7509546074399,ESCOVA DENTAL COLGATE SLIM SOFT BLACK 3UND TRIPACK,Drogasil,Success,26.49,Escova de Dente Colgate Slim Soft Black Macia - 3 unidades,
7509546074399,ESCOVA DENTAL COLGATE SLIM SOFT BLACK 3UND TRIPACK,Droga Raia,Success,26.49,Escova de Dente Colgate Slim Soft Black Macia - 3 unidades,
7509546080864,ESCOVA DENTAL COLGATE ZIG ZAG CARVAO 4UND FOURPACK,Drogaria Venancio,Success,20.79,Escova Dental Colgate Zig Zag Carvão 4 Unidades,
7509546080864,ESCOVA DENTAL COLGATE ZIG ZAG CARVAO 4UND FOURPACK,Pague Menos,Success,23.99,Escova Dental Colgate Zig Zag com Carvão Ativado Cerdas Médias Cores Sortidas 4 Unidades,
7509546080864,ESCOVA DENTAL COLGATE ZIG ZAG CARVAO 4UND FOURPACK,Drogaria Catarinense,Success,26.23,Escova Dental Colgate Zigzag Carvão 4 Unidades,
7509546080864,ESCOVA DENTAL COLGATE ZIG ZAG CARVAO 4UND FOURPACK,Drogal,Success,25.49,Escova Dental Colgate ZigZag Carvão 4 Unidades,
7509546060781,CREME DENTAL COLGATE COLGATE BABY SEM FLUOR 50g SINGLE,Drogasil,Success,23.69,Gel Dental Colgate Baby Primeiros Dentinhos Sem Flúor 3-24 Meses Fruta Suave 50g,
7509546080864,ESCOVA DENTAL COLGATE ZIG ZAG CARVAO 4UND FOURPACK,Farmácias São João,Success,32.99,Escova Dental Colgate Zig Zag Carvão 4 Unidades,
7509546080864,ESCOVA DENTAL COLGATE ZIG ZAG CARVAO 4UND FOURPACK,Farmácia Indiana,Success,23.89,Escova Dental Colgate Zig Zag Carvão Cerdas Macias 4 Unidades,
7509546651040,CREME DENTAL COLGATE LUMINOUS WHITE CARVAO ATIVADO 70g SINGLE,Drogaria São Paulo,Success,9.45,Creme Dental Carvão Ativado Dazzling Mint Colgate Luminous White 70g,
7509546651040,CREME DENTAL COLGATE LUMINOUS WHITE CARVAO ATIVADO 70g SINGLE,Drogarias Pacheco,Success,9.45,Creme Dental Carvão Ativado Dazzling Mint Colgate Luminous White 70g,
7509546651040,CREME DENTAL COLGATE LUMINOUS WHITE CARVAO ATIVADO 70g SINGLE,Pague Menos,Success,10.49,Creme Dental Colgate Luminous White Carvão Ativado Clareador 70g,
7509546651040,CREME DENTAL COLGATE LUMINOUS WHITE CARVAO ATIVADO 70g SINGLE,Farmácias São João,Success,9.49,Creme Dental Clareador Colgate Luminous White Carvão Ativado 70g,
7509546651040,CREME DENTAL COLGATE LUMINOUS WHITE CARVAO ATIVADO 70g SINGLE,Drogaria Catarinense,Success,8.9,Creme Dental Colgate Luminous White Carvão Ativado 70g,
7509546651040,CREME DENTAL COLGATE LUMINOUS WHITE CARVAO ATIVADO 70g SINGLE,Drogal,Success,9.09,Creme Dental Clareador Colgate Luminous White Carvão Ativado 70g,
7509546651040,CREME DENTAL COLGATE LUMINOUS WHITE CARVAO ATIVADO 70g SINGLE,Drogaria Venancio,Success,9.63,Creme Dental Colgate Lumious White Carvão Ativado 70g,
7509546651040,CREME DENTAL COLGATE LUMINOUS WHITE CARVAO ATIVADO 70g SINGLE,Farmácia Indiana,Success,12.99,Creme Dental Clareador Carvão Ativado Colgate 70g,
7509546654027,CREME DENTAL COLGATE TOTAL ANTI TARTARO 140g SINGLE,Drogaria São Paulo,Success,16.59,Pasta de Dente Colgate Total 12 Anti-Tártaro 140g,
7509546654027,CREME DENTAL COLGATE TOTAL ANTI TARTARO 140g SINGLE,Pague Menos,Success,15.49,Creme Dental Colgate Total Prevenção Ativa Anti Tártaro 140g,
7509546654027,CREME DENTAL COLGATE TOTAL ANTI TARTARO 140g SINGLE,Drogarias Pacheco,Success,16.79,Pasta de Dente Colgate Total 12 Anti-Tártaro 140g,
7509546654027,CREME DENTAL COLGATE TOTAL ANTI TARTARO 140g SINGLE,Drogaria Venancio,Success,17.49,Creme Dental Colgate Total Anti Tártaro 140g,
7509546654027,CREME DENTAL COLGATE TOTAL ANTI TARTARO 140g SINGLE,Drogal,Success,13.45,Creme Dental Colgate Total Antitártaro 140g,
7509546654027,CREME DENTAL COLGATE TOTAL ANTI TARTARO 140g SINGLE,Drogaria Catarinense,Success,17.58,Creme Dental Colgate Total Prevenção Ativa Antitártaro 140g,
7509546654027,CREME DENTAL COLGATE TOTAL ANTI TARTARO 140g SINGLE,Farmácia Indiana,Success,16.69,Creme Dental Colgate Total 12 Anti Tártaro 140g,
7509546080864,ESCOVA DENTAL COLGATE ZIG ZAG CARVAO 4UND FOURPACK,Droga Raia,Success,24.49,Escova de Dente Colgate ZigZag Carvão 4 unidades,
7509546657066,CREME DENTAL COLGATE NATURAL EXTRACTS DEFESA REFORCADA 140g SINGLE,Drogaria São Paulo,Success,16.59,Pasta de Dente Colgate Natural Extracts Citrus e Eucalipto 140g,
7509546657066,CREME DENTAL COLGATE NATURAL EXTRACTS DEFESA REFORCADA 140g SINGLE,Drogarias Pacheco,Success,16.59,Pasta de Dente Colgate Natural Extracts Citrus e Eucalipto 140g,
7509546657066,CREME DENTAL COLGATE NATURAL EXTRACTS DEFESA REFORCADA 140g SINGLE,Pague Menos,Success,16.49,Creme Dental Colgate Natural Extracts Defesa Reforçada Sabor Citrus e Eucalipto 140g,
7509546654027,CREME DENTAL COLGATE TOTAL ANTI TARTARO 140g SINGLE,Farmácias São João,Success,13.99,Creme Dental Colgate Total 12 Antitártaro 140g,
7509546657066,CREME DENTAL COLGATE NATURAL EXTRACTS DEFESA REFORCADA 140g SINGLE,Drogal,Success,16.55,Gel Dental Colgate Natural Extracts 140g,
7509546080864,ESCOVA DENTAL COLGATE ZIG ZAG CARVAO 4UND FOURPACK,Drogasil,Success,24.49,Escova de Dente Colgate ZigZag Carvão 4 unidades,
7509546657066,CREME DENTAL COLGATE NATURAL EXTRACTS DEFESA REFORCADA 140g SINGLE,Drogaria Catarinense,Not Found,,,"Product found, but no price available."
7509546657066,CREME DENTAL COLGATE NATURAL EXTRACTS DEFESA REFORCADA 140g SINGLE,Drogaria Venancio,Success,16.63,Creme Dental Colgate Citrus e Eucalipto 140g,
7509546657066,CREME DENTAL COLGATE NATURAL EXTRACTS DEFESA REFORCADA 140g SINGLE,Farmácia Indiana,Success,19.94,Creme Dental Natural Extracts Defesa Reforçada Anti-Cárie Colgate 140g,
7509546651040,CREME DENTAL COLGATE LUMINOUS WHITE CARVAO ATIVADO 70g SINGLE,Drogasil,Success,10.69,Creme Dental Colgate Luminous White Carvão Ativado 70g,
7509546651040,CREME DENTAL COLGATE LUMINOUS WHITE CARVAO ATIVADO 70g SINGLE,Droga Raia,Success,10.69,Creme Dental Colgate Luminous White Carvão Ativado 70g,
7509546657240,ESCOVA DENTAL COLGATE SLIM SOFT BLACK 4UND FOURPACK,Drogaria São Paulo,Success,29.0,Escova de Dente Colgate Slim Soft Black 4 unidades,
7509546657240,ESCOVA DENTAL COLGATE SLIM SOFT BLACK 4UND FOURPACK,Drogarias Pacheco,Success,28.7,Escova de Dente Colgate Slim Soft Black 4 unidades,
7509546657066,CREME DENTAL COLGATE NATURAL EXTRACTS DEFESA REFORCADA 140g SINGLE,Farmácias São João,Not Found,,,"Product found, but no price available."
7509546654027,CREME DENTAL COLGATE TOTAL ANTI TARTARO 140g SINGLE,Drogasil,Not Found,,,"Product found, but no price available."
7509546657240,ESCOVA DENTAL COLGATE SLIM SOFT BLACK 4UND FOURPACK,Pague Menos,Success,27.99,Escova Dental Colgate Slim Soft Black Infusão de Carvão Cerdas Macia 4 Unidades,
7509546657240,ESCOVA DENTAL COLGATE SLIM SOFT BLACK 4UND FOURPACK,Drogal,Success,33.25,Escova Dental Colgate Slim Soft Black 4 Unidades,
7509546657240,ESCOVA DENTAL COLGATE SLIM SOFT BLACK 4UND FOURPACK,Drogaria Venancio,Success,29.29,Escova Dental Colgate Slim Soft Black 4 Unidades,
7509546657240,ESCOVA DENTAL COLGATE SLIM SOFT BLACK 4UND FOURPACK,Farmácias São João,Success,39.99,Escova Dental Colgate Slimsoft Black 4 Unidades,
7509546657066,CREME DENTAL COLGATE NATURAL EXTRACTS DEFESA REFORCADA 140g SINGLE,Droga Raia,Success,16.59,Creme Dental Colgate Natural Extracts Defesa Reforçada Citrus e Eucalipto 140g,
7509546657240,ESCOVA DENTAL COLGATE SLIM SOFT BLACK 4UND FOURPACK,Drogaria Catarinense,Success,33.11,Escova Dental Colgate Slim Soft Carvão 4 Unidades,
7509546665306,CREME DENTAL COLGATE LUMINOUS WHITE CARVAO ATIVADO 140g SINGLE,Drogarias Pacheco,Success,13.39,Pasta de Dente Colgate Luminous White Carvão Ativado 140g,
7509546657240,ESCOVA DENTAL COLGATE SLIM SOFT BLACK 4UND FOURPACK,Farmácia Indiana,Success,32.39,Escova Dental Colgate Slim Soft Black 4 Unidades,
7509546665306,CREME DENTAL COLGATE LUMINOUS WHITE CARVAO ATIVADO 140g SINGLE,Drogaria São Paulo,Success,15.49,Pasta de Dente Colgate Luminous White Carvão Ativado 140g,
7509546657066,CREME DENTAL COLGATE NATURAL EXTRACTS DEFESA REFORCADA 140g SINGLE,Drogasil,Success,16.59,Creme Dental Colgate Natural Extracts Defesa Reforçada Citrus e Eucalipto 140g,
7509546665306,CREME DENTAL COLGATE LUMINOUS WHITE CARVAO ATIVADO 140g SINGLE,Pague Menos,Success,15.99,Creme Dental Colgate Luminous White Carvão Ativado Clareador 140g,
7509546665306,CREME DENTAL COLGATE LUMINOUS WHITE CARVAO ATIVADO 140g SINGLE,Drogal,Success,12.89,Creme Dental Clareador Colgate Luminous White Carvão Ativado 140g,
7509546665306,CREME DENTAL COLGATE LUMINOUS WHITE CARVAO ATIVADO 140g SINGLE,Farmácias São João,Success,19.99,Creme Dental Clareador Colgate Luminous White Carvão Ativado 140g,
7509546654027,CREME DENTAL COLGATE TOTAL ANTI TARTARO 140g SINGLE,Droga Raia,Success,15.11,Creme Dental Colgate Total Prevenção Ativa Antitártaro 140g,
7509546665306,CREME DENTAL COLGATE LUMINOUS WHITE CARVAO ATIVADO 140g SINGLE,Drogaria Catarinense,Success,17.14,Creme Dental Colgate Luminous White 140gr Carvao Ativo Especial,
7509546665306,CREME DENTAL COLGATE LUMINOUS WHITE CARVAO ATIVADO 140g SINGLE,Drogaria Venancio,Success,13.39,Creme Dental Colgate Luminous White Carvão Ativado 140g,
7509546665306,CREME DENTAL COLGATE LUMINOUS WHITE CARVAO ATIVADO 140g SINGLE,Farmácia Indiana,Success,15.19,Creme Dental Luminous White Carvão Ativado Colgate 140g,
7509546069593,CREME DENTAL COLGATE SMILES MINIONS 100g SINGLE,Drogasil,Success,15.19,Creme Dental Infantil Colgate Smiles Minions Bubble Fruit 100g,
7509546665801,SABONETE LÍQUIDO PALMOLIVE LUMINOUS OILS FIGO E ORQUIDEA BRANCA 250g SINGLE,Drogaria São Paulo,Success,16.99,Sabonete Líquido para o Corpo Palmolive Luminous Oils Sensação Refrescante 250ml,
7509546665801,SABONETE LÍQUIDO PALMOLIVE LUMINOUS OILS FIGO E ORQUIDEA BRANCA 250g SINGLE,Pague Menos,Success,13.99,Sabonete Líquido Para o Corpo Palmolive Luminous Oils Sensação Refrescante 250ml,
7509546657240,ESCOVA DENTAL COLGATE SLIM SOFT BLACK 4UND FOURPACK,Droga Raia,Success,40.99,Escova Dental Colgate Slim Soft Black Com 4 Unidades,
7509546665801,SABONETE LÍQUIDO PALMOLIVE LUMINOUS OILS FIGO E ORQUIDEA BRANCA 250g SINGLE,Drogarias Pacheco,Success,15.59,Sabonete Líquido para o Corpo Palmolive Luminous Oils Sensação Refrescante 250ml,
7509546665801,SABONETE LÍQUIDO PALMOLIVE LUMINOUS OILS FIGO E ORQUIDEA BRANCA 250g SINGLE,Farmácias São João,Success,17.99,Sabonete Líquido Palmolive Oils Figo 250ml,
7509546665801,SABONETE LÍQUIDO PALMOLIVE LUMINOUS OILS FIGO E ORQUIDEA BRANCA 250g SINGLE,Drogaria Venancio,Success,13.09,Sabonete Líquido Palmolive Luminous Oils Figo e Orquídea Branca 250ml,
7509546665801,SABONETE LÍQUIDO PALMOLIVE LUMINOUS OILS FIGO E ORQUIDEA BRANCA 250g SINGLE,Drogal,Success,15.25,Sabonete Líquido para o Corpo Palmolive Luminous Oils Figo e Orquídea Branca 250ml,
7509546665801,SABONETE LÍQUIDO PALMOLIVE LUMINOUS OILS FIGO E ORQUIDEA BRANCA 250g SINGLE,Drogaria Catarinense,Success,14.66,Sabonete Líquido Palmolive Luminous Oils Figo E Orquídea Branca 250ml,
7509546668758,ENXAGUANTE COLGATE GARD GENGIVA SAUDAVEL 500ml SINGLE,Drogaria São Paulo,Success,37.43,Enxaguante Bucal Colgate PerioGard Uso Diário Sem Álcool 500ml,
7509546668758,ENXAGUANTE COLGATE GARD GENGIVA SAUDAVEL 500ml SINGLE,Drogarias Pacheco,Success,37.43,Enxaguante Bucal Colgate PerioGard Uso Diário Sem Álcool 500ml,
7509546668758,ENXAGUANTE COLGATE GARD GENGIVA SAUDAVEL 500ml SINGLE,Pague Menos,Success,58.99,Enxaguante Bucal Colgate PerioGard Uso Diário Sem Álcool 500ml,
7509546657240,ESCOVA DENTAL COLGATE SLIM SOFT BLACK 4UND FOURPACK,Drogasil,Not Found,,,"Product found, but no price available."
7509546668758,ENXAGUANTE COLGATE GARD GENGIVA SAUDAVEL 500ml SINGLE,Drogal,Success,52.89,Enxaguante Bucal Colgate Periogard Sem Álcool 500ml,
7509546668758,ENXAGUANTE COLGATE GARD GENGIVA SAUDAVEL 500ml SINGLE,Farmácias São João,Success,51.99,Enxaguante Bucal Colgate PerioGard Uso Diário Sem Álcool 500ml,
7509546668758,ENXAGUANTE COLGATE GARD GENGIVA SAUDAVEL 500ml SINGLE,Drogaria Venancio,Success,43.79,Exaguante Antisséptico Bucal Colgate Periogard Sem Álcool Uso Diário 500ml,
7509546668758,ENXAGUANTE COLGATE GARD GENGIVA SAUDAVEL 500ml SINGLE,Farmácia Indiana,Success,40.29,Enxaguante Bucal PerioGard Gengiva Saudável Colgate 500ml,
7509546668758,ENXAGUANTE COLGATE GARD GENGIVA SAUDAVEL 500ml SINGLE,Drogaria Catarinense,Success,66.99,Enxaguante Bucal Colgate Periogard Gengiva Saudável Hortelã 500ml,
7509546665306,CREME DENTAL COLGATE LUMINOUS WHITE CARVAO ATIVADO 140g SINGLE,Droga Raia,Success,15.49,Creme Dental Colgate Luminous White Carvão Ativado 140g,
7509546665801,SABONETE LÍQUIDO PALMOLIVE LUMINOUS OILS FIGO E ORQUIDEA BRANCA 250g SINGLE,Farmácia Indiana,Success,13.89,Sabonete Líquido Palmolive Luminous Oils Figo e Orquídea 250ml,
7509546665306,CREME DENTAL COLGATE LUMINOUS WHITE CARVAO ATIVADO 140g SINGLE,Drogasil,Success,15.59,Creme Dental Colgate Luminous White Carvão Ativado 140g,
7509546673226,SABONETES INFANTIL PROTEX PROTEX BABY GLICERINADO 85 SINGLE,Drogaria São Paulo,Success,4.59,Sabonete em Barra Protex Baby Suave Glicerina Natural 85g,
7509546665801,SABONETE LÍQUIDO PALMOLIVE LUMINOUS OILS FIGO E ORQUIDEA BRANCA 250g SINGLE,Droga Raia,Success,14.09,Sabonete Líquido Palmolive Luminous Oil Figo e Orquídea Branca com 250ml,
7509546673226,SABONETES INFANTIL PROTEX PROTEX BABY GLICERINADO 85 SINGLE,Drogarias Pacheco,Success,4.59,Sabonete em Barra Protex Baby Suave Glicerina Natural 85g,
7509546668758,ENXAGUANTE COLGATE GARD GENGIVA SAUDAVEL 500ml SINGLE,Droga Raia,Success,38.49,Enxaguante Antisséptico Bucal Colgate PerioGard Gengiva Saudável Sem Álcool 500ml,
7509546673226,SABONETES INFANTIL PROTEX PROTEX BABY GLICERINADO 85 SINGLE,Farmácias São João,Success,4.99,Sabonete Em Barra Para Bebê Protex Baby Glicerina Natural 85g,
7509546673226,SABONETES INFANTIL PROTEX PROTEX BABY GLICERINADO 85 SINGLE,Drogal,Success,4.49,Sabonete Em Barra Protex Baby Glicerina Natural 85g,
7509546673226,SABONETES INFANTIL PROTEX PROTEX BABY GLICERINADO 85 SINGLE,Pague Menos,Success,3.99,Sabonete Em Barra Para Bebê Protex Baby Glicerina Natural 85g,
7509546673226,SABONETES INFANTIL PROTEX PROTEX BABY GLICERINADO 85 SINGLE,Droga Raia,Success,4.19,Sabonete em Barra Protex Baby Glicerina 85g,
7509546668758,ENXAGUANTE COLGATE GARD GENGIVA SAUDAVEL 500ml SINGLE,Drogasil,Not Found,,,"Product found, but no price available."
7509546673226,SABONETES INFANTIL PROTEX PROTEX BABY GLICERINADO 85 SINGLE,Drogaria Venancio,Success,3.99,Sabonete Em Barra Protex Baby Glicerinado 85g,
7509546673226,SABONETES INFANTIL PROTEX PROTEX BABY GLICERINADO 85 SINGLE,Drogaria Catarinense,Success,4.26,Sabonete Em Barra Protex Baby Glicerina Natural Suave 85g,
7509546675862,CREME DENTAL COLGATE GARD GENGIVA SAUDAVEL 60g SINGLE,Drogarias Pacheco,Success,17.79,Creme Dental Colgate PerioGard 60g,
7509546673226,SABONETES INFANTIL PROTEX PROTEX BABY GLICERINADO 85 SINGLE,Drogasil,Success,4.19,Sabonete em Barra Protex Baby Glicerina 85g,
7509546665801,SABONETE LÍQUIDO PALMOLIVE LUMINOUS OILS FIGO E ORQUIDEA BRANCA 250g SINGLE,Drogasil,Success,14.09,Sabonete Líquido Palmolive Luminous Oil Figo e Orquídea Branca com 250ml,
7509546675862,CREME DENTAL COLGATE GARD GENGIVA SAUDAVEL 60g SINGLE,Drogaria São Paulo,Success,17.79,Creme Dental Colgate PerioGard 60g,
7509546673226,SABONETES INFANTIL PROTEX PROTEX BABY GLICERINADO 85 SINGLE,Farmácia Indiana,Success,3.59,Sabonete em Barra Protex Baby Glicerina 85g,
7509546675862,CREME DENTAL COLGATE GARD GENGIVA SAUDAVEL 60g SINGLE,Farmácias São João,Success,22.99,Creme Dental Colgate Periogard 60g,
7509546675862,CREME DENTAL COLGATE GARD GENGIVA SAUDAVEL 60g SINGLE,Droga Raia,Not Found,,,"Product found, but no price available."
7509546676258,CREME DENTAL COLGATE LUMINOUS WHITE GLOW 70g SINGLE,Drogaria São Paulo,Success,19.29,Pasta de Dente Colgate Luminous White Glow Mint 70g,
7509546675862,CREME DENTAL COLGATE GARD GENGIVA SAUDAVEL 60g SINGLE,Pague Menos,Success,18.99,Creme Dental Colgate Periogard Gengiva Saudável 60g,
7509546675862,CREME DENTAL COLGATE GARD GENGIVA SAUDAVEL 60g SINGLE,Drogal,Success,19.39,Creme Dental Colgate Periogard Sabor Hortelã 60g,
7509546675862,CREME DENTAL COLGATE GARD GENGIVA SAUDAVEL 60g SINGLE,Drogaria Venancio,Success,17.79,Creme Dental Colgate Periogard 60g,
7509546676258,CREME DENTAL COLGATE LUMINOUS WHITE GLOW 70g SINGLE,Drogarias Pacheco,Success,17.49,Pasta de Dente Colgate Luminous White Glow Mint 70g,
7509546676258,CREME DENTAL COLGATE LUMINOUS WHITE GLOW 70g SINGLE,Pague Menos,Success,19.49,Creme Dental Colgate Luminous White Glow Clareador 70g,
7509546676258,CREME DENTAL COLGATE LUMINOUS WHITE GLOW 70g SINGLE,Farmácias São João,Success,22.99,Creme Dental Colgate Luminous White Glow 70g,
7509546675862,CREME DENTAL COLGATE GARD GENGIVA SAUDAVEL 60g SINGLE,Drogaria Catarinense,Success,17.99,Creme Dental Colgate Periogard 60gr Zinco Hortela,
7509546675862,CREME DENTAL COLGATE GARD GENGIVA SAUDAVEL 60g SINGLE,Farmácia Indiana,Success,21.99,Creme Dental Colgate PerioGard Gengiva Saudável Hortelã 60g,
7509546675862,CREME DENTAL COLGATE GARD GENGIVA SAUDAVEL 60g SINGLE,Drogasil,Not Found,,,"Product found, but no price available."
7509546676258,CREME DENTAL COLGATE LUMINOUS WHITE GLOW 70g SINGLE,Drogal,Success,20.49,Creme Dental Clareador Colgate Luminous White Glow 70g,
7509546676258,CREME DENTAL COLGATE LUMINOUS WHITE GLOW 70g SINGLE,Droga Raia,Success,19.48,Creme Dental Colgate Luminous White Glow 70g,
7509546676258,CREME DENTAL COLGATE LUMINOUS WHITE GLOW 70g SINGLE,Farmácia Indiana,Success,24.99,Creme Dental Colgate Luminous White Clareador 70g,
7509546679174,CREME DENTAL COLGATE TRIPLA AÇÃO MENTA ORIGINAL 90g FOURPACK,Drogarias Pacheco,Success,21.59,Pack Creme Dental Colgate Tripla Ação Menta 90g,
7509546676258,CREME DENTAL COLGATE LUMINOUS WHITE GLOW 70g SINGLE,Drogaria Venancio,Success,17.49,Creme Dental Colgate Luminous White Glow 70g,
7509546676258,CREME DENTAL COLGATE LUMINOUS WHITE GLOW 70g SINGLE,Drogaria Catarinense,Success,19.92,Creme Dental Colgate Luminous White Glow 70g,
7509546679174,CREME DENTAL COLGATE TRIPLA AÇÃO MENTA ORIGINAL 90g FOURPACK,Drogaria São Paulo,Success,22.59,Pack Creme Dental Colgate Tripla Ação Menta 90g,
7509546679174,CREME DENTAL COLGATE TRIPLA AÇÃO MENTA ORIGINAL 90g FOURPACK,Pague Menos,Success,19.99,Pack Creme Dental Colgate Tripla Ação Menta Original  4 Unidades De 90g,
7509546679174,CREME DENTAL COLGATE TRIPLA AÇÃO MENTA ORIGINAL 90g FOURPACK,Farmácias São João,Success,26.99,Kit Creme Dental Colgate Tripla Ação Menta 4 Unidades,
7509546679174,CREME DENTAL COLGATE TRIPLA AÇÃO MENTA ORIGINAL 90g FOURPACK,Drogal,Success,21.89,Kit Creme Dental Colgate Tripla Ação Sabor Menta Original 4 Unidades 90g,
7509546679174,CREME DENTAL COLGATE TRIPLA AÇÃO MENTA ORIGINAL 90g FOURPACK,Farmácia Indiana,Success,19.89,Creme Dental Colgate Tripla Ação 4x90g,
7509546676258,CREME DENTAL COLGATE LUMINOUS WHITE GLOW 70g SINGLE,Drogasil,Success,19.29,Creme Dental Colgate Luminous White Glow 70g,
7509546679174,CREME DENTAL COLGATE TRIPLA AÇÃO MENTA ORIGINAL 90g FOURPACK,Droga Raia,Success,21.49,Kit Creme Dental Colgate Tripla Ação Menta Original 4 unidades de 90g cada,
7509546679174,CREME DENTAL COLGATE TRIPLA AÇÃO MENTA ORIGINAL 90g FOURPACK,Drogaria Venancio,Success,19.99,Creme Dental Colgate Tripla Ação Sabor Menta Original 90g 4 unidades,
7509546679174,CREME DENTAL COLGATE TRIPLA AÇÃO MENTA ORIGINAL 90g FOURPACK,Drogaria Catarinense,Not Found,,,"Product found, but no price available."
7509546679600,CREME DENTAL COLGATE LUMINOUS WHITE CARVAO ATIVADO 70g TRIPACK,Drogarias Pacheco,Success,18.3,Kit Pasta de Dente Colgate Luminous White Carvão Ativado 3 Unidades de 70g,
7509546679600,CREME DENTAL COLGATE LUMINOUS WHITE CARVAO ATIVADO 70g TRIPACK,Drogaria São Paulo,Success,18.25,Kit Pasta de Dente Colgate Luminous White Carvão Ativado 3 Unidades de 70g,
7509546679174,CREME DENTAL COLGATE TRIPLA AÇÃO MENTA ORIGINAL 90g FOURPACK,Drogasil,Success,21.49,Kit Creme Dental Colgate Tripla Ação Menta Original 4 unidades de 90g cada,
7509546679600,CREME DENTAL COLGATE LUMINOUS WHITE CARVAO ATIVADO 70g TRIPACK,Drogal,Success,23.09,kit Creme Dental Clareador Colgate Luminous White Carvão Ativado 3 Unidades 70g Cada,
7509546679600,CREME DENTAL COLGATE LUMINOUS WHITE CARVAO ATIVADO 70g TRIPACK,Farmácias São João,Success,25.99,Creme Dental Clareador Colgate Luminous White Carvão Ativado 70g 3 unidades,
7509546679600,CREME DENTAL COLGATE LUMINOUS WHITE CARVAO ATIVADO 70g TRIPACK,Drogaria Venancio,Success,18.3,Creme Dental Colgate Luminous White Carvão Ativado 70g 3 Unidades,
7509546679617,ENXAGUANTE COLGATE PLAX FRESH 750ml SINGLE,Drogaria São Paulo,Success,22.79,Enxaguante Bucal Colgate Plax Mint 750ml,
7509546679600,CREME DENTAL COLGATE LUMINOUS WHITE CARVAO ATIVADO 70g TRIPACK,Pague Menos,Success,21.99,Kit Creme Dental Colgate Luminous White Carvão Ativado Clareador 70g 3 Unidades,
7509546679617,ENXAGUANTE COLGATE PLAX FRESH 750ml SINGLE,Drogarias Pacheco,Success,22.79,Enxaguante Bucal Colgate Plax Mint 750ml,
7509546679600,CREME DENTAL COLGATE LUMINOUS WHITE CARVAO ATIVADO 70g TRIPACK,Drogaria Catarinense,Success,21.65,Creme Dental Colgate White Com 3x70gr Carvao Ativado Especial,
7509546679600,CREME DENTAL COLGATE LUMINOUS WHITE CARVAO ATIVADO 70g TRIPACK,Drogasil,Success,21.59,Kit Creme Dental Colgate Luminous White Carvão Ativado 70g 3 unidades,
7509546679617,ENXAGUANTE COLGATE PLAX FRESH 750ml SINGLE,Pague Menos,Success,26.99,Enxaguante Bucal Colgate Plax Zero Álcool Sabor Fresh Mint 750ml,
7509546679600,CREME DENTAL COLGATE LUMINOUS WHITE CARVAO ATIVADO 70g TRIPACK,Farmácia Indiana,Success,21.59,Kit 3 Pastas de Dente Colgate Carvão Ativado Luminous White 70g,
7509546679600,CREME DENTAL COLGATE LUMINOUS WHITE CARVAO ATIVADO 70g TRIPACK,Droga Raia,Success,21.99,Kit Creme Dental Colgate Luminous White Carvão Ativado 70g 3 unidades,
7509546679617,ENXAGUANTE COLGATE PLAX FRESH 750ml SINGLE,Drogaria Catarinense,Success,21.69,Enxaguante Bucal Colgate Plax Fresh Mint 750ml,
7509546679617,ENXAGUANTE COLGATE PLAX FRESH 750ml SINGLE,Drogaria Venancio,Success,24.23,Enxaguante Bucal Colgate Plax Fresh Mint 750ml,
7509546679617,ENXAGUANTE COLGATE PLAX FRESH 750ml SINGLE,Farmácia Indiana,Success,19.99,Solução Bucal Colgate Plax Fresh Mint Hálito Fresco 750ml,
7509546679617,ENXAGUANTE COLGATE PLAX FRESH 750ml SINGLE,Drogal,Success,20.05,Enxaguante Bucal Colgate Plax Fresh Mint 750ml,
7509546679617,ENXAGUANTE COLGATE PLAX FRESH 750ml SINGLE,Farmácias São João,Success,26.99,Enxaguante Bucal Colgate Plax Fresh Mint 750ml,
7509546685939,ENXAGUANTE COLGATE PLAX S/ VERSAO 750ml SINGLE,Drogaria São Paulo,Success,20.79,Enxaguante Bucal Colgate Plax Odor Control Zero Álcool 750ml,
7509546685939,ENXAGUANTE COLGATE PLAX S/ VERSAO 750ml SINGLE,Drogarias Pacheco,Success,20.79,Enxaguante Bucal Colgate Plax Odor Control Zero Álcool 750ml,
7509546685939,ENXAGUANTE COLGATE PLAX S/ VERSAO 750ml SINGLE,Farmácia Indiana,Success,19.99,Enxaguante Bucal Colgate Plax Odor Control Sem Álcool 750ml,
7509546685939,ENXAGUANTE COLGATE PLAX S/ VERSAO 750ml SINGLE,Pague Menos,Success,26.99,Antisséptico Bucal Colgate Plax Odor Control 750ml,
7509546685939,ENXAGUANTE COLGATE PLAX S/ VERSAO 750ml SINGLE,Farmácias São João,Success,26.99,Enxaguante Bucal Colgate Plax Odor Control 750ml,
7509546685939,ENXAGUANTE COLGATE PLAX S/ VERSAO 750ml SINGLE,Droga Raia,Success,20.99,Enxaguante Bucal Sem Álcool Colgate Plax Odor Control 750ml,
7509546685939,ENXAGUANTE COLGATE PLAX S/ VERSAO 750ml SINGLE,Drogaria Venancio,Success,24.23,Enxaguante Bucal Colgate Plax Controle Odor 750ml,
7509546685939,ENXAGUANTE COLGATE PLAX S/ VERSAO 750ml SINGLE,Drogal,Success,20.05,Enxaguante Bucal Colgate Plax Odor Control 750ml,
7509546679617,ENXAGUANTE COLGATE PLAX FRESH 750ml SINGLE,Droga Raia,Success,22.79,Enxaguante Bucal Sem Álcool Colgate Plax Fresh Mint 750ml,
7509546685960,CREME DENTAL COLGATE TOTAL WHITENING 90g FOURPACK,Farmácias São João,Success,47.99,Kit Creme Dental Colgate Total 12 Whitening 90g 4 Unidades,
7509546685960,CREME DENTAL COLGATE TOTAL WHITENING 90g FOURPACK,Drogaria São Paulo,Success,38.19,Kit Pasta de Dente Whitening Colgate Total Prevenção Ativa Caixa 4 Unidades 90g,
7509546685939,ENXAGUANTE COLGATE PLAX S/ VERSAO 750ml SINGLE,Drogasil,Success,20.79,Enxaguante Bucal Sem Álcool Colgate Plax Odor Control 750ml,
7509546685939,ENXAGUANTE COLGATE PLAX S/ VERSAO 750ml SINGLE,Drogaria Catarinense,Success,21.69,Enxaguante Bucal Colgate Plax Odor Control 750m,
7509546685960,CREME DENTAL COLGATE TOTAL WHITENING 90g FOURPACK,Drogarias Pacheco,Success,36.99,Kit Pasta de Dente Whitening Colgate Total Prevenção Ativa Caixa 4 Unidades 90g,
7509546685960,CREME DENTAL COLGATE TOTAL WHITENING 90g FOURPACK,Farmácia Indiana,Success,37.69,Creme Dental Colgate Total Prevenção Ativa Whitening 4 Unidades de 90g,
7509546685960,CREME DENTAL COLGATE TOTAL WHITENING 90g FOURPACK,Pague Menos,Not Found,,,"Product found, but no price available."
7509546685960,CREME DENTAL COLGATE TOTAL WHITENING 90g FOURPACK,Drogaria Venancio,Success,36.99,Creme Dental Colgate Total Prevenção Ativa Whitening 90g 4 unidades,
7509546685960,CREME DENTAL COLGATE TOTAL WHITENING 90g FOURPACK,Drogal,Success,26.75,Kit Creme Dental Colgate Total Prevenção Ativa Whitening 4 Unidades 90g Cada,
7509546686035,CREME DENTAL COLGATE TOTAL CARVAO ATIVADO 140g SINGLE,Drogaria São Paulo,Success,16.59,Creme Dental Colgate Total Carvão Ativado 140g,
7509546686035,CREME DENTAL COLGATE TOTAL CARVAO ATIVADO 140g SINGLE,Drogarias Pacheco,Success,15.99,Creme Dental Colgate Total Carvão Ativado 140g,
7509546685960,CREME DENTAL COLGATE TOTAL WHITENING 90g FOURPACK,Droga Raia,Success,38.19,Kit Creme Dental Colgate Total 12 Whitening Branqueamento 4 unidades de 90g cada,
7509546685960,CREME DENTAL COLGATE TOTAL WHITENING 90g FOURPACK,Drogaria Catarinense,Success,41.99,Kit Creme Dental Colgate Total Whitening 90gr Com 4 Unidades,
7509546679617,ENXAGUANTE COLGATE PLAX FRESH 750ml SINGLE,Drogasil,Success,22.79,Enxaguante Bucal Sem Álcool Colgate Plax Fresh Mint 750ml,
7509546686035,CREME DENTAL COLGATE TOTAL CARVAO ATIVADO 140g SINGLE,Farmácias São João,Success,13.99,Creme Dental Colgate Total 12 Carvão Ativado 140g,
7509546686035,CREME DENTAL COLGATE TOTAL CARVAO ATIVADO 140g SINGLE,Pague Menos,Success,15.49,Creme Dental Colgate Total Prevenção Ativa Carvão Ativado 140g,
7509546685960,CREME DENTAL COLGATE TOTAL WHITENING 90g FOURPACK,Drogasil,Not Found,,,"Product found, but no price available."
7509546686912,ESCOVA DENTAL COLGATE SENSITIVE S/ VERSAO 1UND SINGLE,Drogaria São Paulo,Success,20.59,Escova de Dente Colgate Sensitive Cerdas Ultramacias 1 Unidade,
7509546686035,CREME DENTAL COLGATE TOTAL CARVAO ATIVADO 140g SINGLE,Drogal,Success,13.45,Creme Dental Colgate Total Carvão Ativado 140g,
7509546686035,CREME DENTAL COLGATE TOTAL CARVAO ATIVADO 140g SINGLE,Drogaria Venancio,Success,17.49,Creme Dental Colgate Total Carvão Ativado 140g,
7509546686912,ESCOVA DENTAL COLGATE SENSITIVE S/ VERSAO 1UND SINGLE,Drogarias Pacheco,Success,17.59,Escova de Dente Colgate Sensitive Cerdas Ultramacias 1 Unidade,
7509546686035,CREME DENTAL COLGATE TOTAL CARVAO ATIVADO 140g SINGLE,Farmácia Indiana,Success,16.69,Creme Dental Total 12 Carvão Ativado Colgate 140g,
7509546686035,CREME DENTAL COLGATE TOTAL CARVAO ATIVADO 140g SINGLE,Drogaria Catarinense,Success,16.64,Creme Dental Colgate Total Carvão Ativado 140g,
7509546686912,ESCOVA DENTAL COLGATE SENSITIVE S/ VERSAO 1UND SINGLE,Drogal,Success,18.29,Escova de Dente Colgate Sensitive 1 Unidade,
7509546686035,CREME DENTAL COLGATE TOTAL CARVAO ATIVADO 140g SINGLE,Droga Raia,Success,16.79,Creme Dental Colgate Total Carvão Ativado 140g,
7509546686912,ESCOVA DENTAL COLGATE SENSITIVE S/ VERSAO 1UND SINGLE,Farmácias São João,Success,26.99,Escova Dental Colgate Sensitive Pro Alívio,
7509546686035,CREME DENTAL COLGATE TOTAL CARVAO ATIVADO 140g SINGLE,Drogasil,Not Found,,,"Product found, but no price available."
7509546686912,ESCOVA DENTAL COLGATE SENSITIVE S/ VERSAO 1UND SINGLE,Drogaria Venancio,Success,17.59,Escova Dental Colgate Sensitive Ultra Suave Macia 1 Unidade,
7509546686912,ESCOVA DENTAL COLGATE SENSITIVE S/ VERSAO 1UND SINGLE,Pague Menos,Success,19.99,Escova Dental Colgate Sensitive Cerdas Ultra Macias 1 Unidade,
7509546686929,ESCOVA DENTAL COLGATE SENSITIVE SENSITIVE THERAPY 2UND BIPACK,Drogaria São Paulo,Success,28.41,Escova de Dente Colgate Sensitive Therapy Ultramacia 2 Unidades,
7509546686912,ESCOVA DENTAL COLGATE SENSITIVE S/ VERSAO 1UND SINGLE,Drogaria Catarinense,Success,25.99,Escova Dental Colgate Sensitive Ultra Suave,
7509546686912,ESCOVA DENTAL COLGATE SENSITIVE S/ VERSAO 1UND SINGLE,Farmácia Indiana,Success,26.99,Escova Dental Colgate Sensitive Pro-Alívio 1 Unidade,
7509546686929,ESCOVA DENTAL COLGATE SENSITIVE SENSITIVE THERAPY 2UND BIPACK,Droga Raia,Not Found,,,"Product found, but no price available."
7509546686912,ESCOVA DENTAL COLGATE SENSITIVE S/ VERSAO 1UND SINGLE,Droga Raia,Success,18.79,Escova de Dente Colgate Sensitive Pro-Alívio Ultra Macia 1 Unidade,
7509546686929,ESCOVA DENTAL COLGATE SENSITIVE SENSITIVE THERAPY 2UND BIPACK,Drogaria Catarinense,Not Found,,,"Product found, but no price available."
7509546686929,ESCOVA DENTAL COLGATE SENSITIVE SENSITIVE THERAPY 2UND BIPACK,Drogal,Not Found,,,"Product found, but no price available."
7509546688442,CREME DENTAL COLGATE LUMINOUS WHITE GLOW 70g BIPACK,Drogaria São Paulo,Success,34.59,Pasta de Dente Colgate Luminous White Glow Mint 2 Unidades de 70g,
7509546686929,ESCOVA DENTAL COLGATE SENSITIVE SENSITIVE THERAPY 2UND BIPACK,Pague Menos,Success,27.99,Escova Dental Ultramacia Colgate Sensitive Therapy 2 Unidades,
7509546686929,ESCOVA DENTAL COLGATE SENSITIVE SENSITIVE THERAPY 2UND BIPACK,Drogarias Pacheco,Success,27.59,Escova de Dente Colgate Sensitive Therapy Ultramacia 2 Unidades,
7509546686929,ESCOVA DENTAL COLGATE SENSITIVE SENSITIVE THERAPY 2UND BIPACK,Drogasil,Not Found,,,"Product found, but no price available."
7509546686929,ESCOVA DENTAL COLGATE SENSITIVE SENSITIVE THERAPY 2UND BIPACK,Drogaria Venancio,Success,29.99,Escova Dental Colgate Sensitive Therapy 2 Unidades,
7509546686929,ESCOVA DENTAL COLGATE SENSITIVE SENSITIVE THERAPY 2UND BIPACK,Farmácias São João,Success,32.99,Escova Dental Colgate Sensitive 2 Unidades,
7509546686929,ESCOVA DENTAL COLGATE SENSITIVE SENSITIVE THERAPY 2UND BIPACK,Farmácia Indiana,Success,32.99,Escova Dental Sensitive Ultra Macia Colgate 2 Unidades,
7509546688442,CREME DENTAL COLGATE LUMINOUS WHITE GLOW 70g BIPACK,Drogarias Pacheco,Success,32.99,Pasta de Dente Colgate Luminous White Glow Mint 2 Unidades de 70g,
7509546688442,CREME DENTAL COLGATE LUMINOUS WHITE GLOW 70g BIPACK,Pague Menos,Success,30.99,Kit Creme Dental Clareador Colgate Luminous White Glow 70g 2 Unidades,
7509546688442,CREME DENTAL COLGATE LUMINOUS WHITE GLOW 70g BIPACK,Drogal,Success,34.18,Kit Creme Dental Clareador Colgate Luminous White Glow 2 Unidades 70g Cada,
7509546688442,CREME DENTAL COLGATE LUMINOUS WHITE GLOW 70g BIPACK,Farmácia Indiana,Success,33.39,Creme Dental Luminous White Glow Colgate 70g 2 Unidades,
7509546688442,CREME DENTAL COLGATE LUMINOUS WHITE GLOW 70g BIPACK,Farmácias São João,Success,40.99,Kit Creme Dental Colgate Luminous White Glow 70g 2 Unidades,
7509546688442,CREME DENTAL COLGATE LUMINOUS WHITE GLOW 70g BIPACK,Drogaria Catarinense,Success,35.9,Creme Dental Colgate Luminous White Com 2x70gr Glow Especial,
7509546688442,CREME DENTAL COLGATE LUMINOUS WHITE GLOW 70g BIPACK,Drogaria Venancio,Success,25.44,Creme Dental Colgate Luminous White Glow 2 Unidades de 70g Cada,
7509546688442,CREME DENTAL COLGATE LUMINOUS WHITE GLOW 70g BIPACK,Droga Raia,Success,33.89,Creme Dental Colgate Luminous White Glow 70g 2 unidades,
7509546686912,ESCOVA DENTAL COLGATE SENSITIVE S/ VERSAO 1UND SINGLE,Drogasil,Success,18.79,Escova de Dente Colgate Sensitive Pro-Alívio Ultra Macia 1 Unidade,
7509546690308,ESCOVA DENTAL ELMEX ELMEX SENSITIVE S/ VERSAO 2UND BIPACK,Drogaria São Paulo,Success,52.59,Escova de Dente Elmex Sensitive 2 unidades,
7509546690308,ESCOVA DENTAL ELMEX ELMEX SENSITIVE S/ VERSAO 2UND BIPACK,Pague Menos,Success,49.99,Escova Dental Elmex Sensitive 2 Unidades,
7509546690308,ESCOVA DENTAL ELMEX ELMEX SENSITIVE S/ VERSAO 2UND BIPACK,Drogarias Pacheco,Success,46.99,Escova de Dente Elmex Sensitive 2 unidades,
7509546690308,ESCOVA DENTAL ELMEX ELMEX SENSITIVE S/ VERSAO 2UND BIPACK,Drogal,Success,24.59,Escova Dental Colgate Elmex Sensitive 2 Unidades,
7509546688442,CREME DENTAL COLGATE LUMINOUS WHITE GLOW 70g BIPACK,Drogasil,Success,32.79,Creme Dental Colgate Luminous White Glow 70g 2 unidades,
7509546690308,ESCOVA DENTAL ELMEX ELMEX SENSITIVE S/ VERSAO 2UND BIPACK,Farmácias São João,Success,58.99,Escova Dental Elmex Sensitive Profissional 2 Unidades,
7509546693729,ESCOVA DENTAL COLGATE TOTAL LIMPEZA ESPUMOSA 2UND BIPACK,Drogaria São Paulo,Success,29.29,Escova de Dente Colgate Total Limpeza Espumosa 2 Unidades,
7509546690308,ESCOVA DENTAL ELMEX ELMEX SENSITIVE S/ VERSAO 2UND BIPACK,Farmácia Indiana,Success,52.99,Escova Dental Colgate Elmex Sensitive Professional Ultra Macia 2 Unidades,
7509546690308,ESCOVA DENTAL ELMEX ELMEX SENSITIVE S/ VERSAO 2UND BIPACK,Drogaria Venancio,Success,39.99,Escova Dental Elmex Sensitive Professional 2 Unidades,
7509546690308,ESCOVA DENTAL ELMEX ELMEX SENSITIVE S/ VERSAO 2UND BIPACK,Droga Raia,Not Found,,,"Product found, but no price available."
7509546690308,ESCOVA DENTAL ELMEX ELMEX SENSITIVE S/ VERSAO 2UND BIPACK,Drogaria Catarinense,Success,52.99,Escova De Dente Colgate Elmex Sensitive Professional Ultra Macia 2  Unidades,
7509546693729,ESCOVA DENTAL COLGATE TOTAL LIMPEZA ESPUMOSA 2UND BIPACK,Drogarias Pacheco,Success,23.19,Escova de Dente Colgate Total Limpeza Espumosa 2 Unidades,
7509546693729,ESCOVA DENTAL COLGATE TOTAL LIMPEZA ESPUMOSA 2UND BIPACK,Pague Menos,Success,27.99,Escova Dental Colgate Total Limpeza Espumosa Cerdas Macia 2 Unidades,
7509546693729,ESCOVA DENTAL COLGATE TOTAL LIMPEZA ESPUMOSA 2UND BIPACK,Farmácias São João,Success,35.99,Escova Dental Colgate Total Active Suave 2 Unidades,
7509546693729,ESCOVA DENTAL COLGATE TOTAL LIMPEZA ESPUMOSA 2UND BIPACK,Drogasil,Not Found,,,"Product found, but no price available."
7509546693736,ESCOVA DENTAL COLGATE TOTAL WHITENING 2UND BIPACK,Drogaria São Paulo,Success,29.29,Escova de Dente Colgate Whitening Total Active Prevention Suave 2 Unidades,
7509546693729,ESCOVA DENTAL COLGATE TOTAL LIMPEZA ESPUMOSA 2UND BIPACK,Drogal,Success,29.29,Escova Dental Colgate Total Limpeza Espumosa Suave 2 Unidades,
7509546693729,ESCOVA DENTAL COLGATE TOTAL LIMPEZA ESPUMOSA 2UND BIPACK,Farmácia Indiana,Success,21.99,Escova de Dente Colgate Total Limpeza Espumosa Macia 2 Unidades,
7509546693729,ESCOVA DENTAL COLGATE TOTAL LIMPEZA ESPUMOSA 2UND BIPACK,Drogaria Catarinense,Success,28.0,Escova De Dente Colgate Total Limpeza Espumosa 2 Unidades,
7509546693729,ESCOVA DENTAL COLGATE TOTAL LIMPEZA ESPUMOSA 2UND BIPACK,Drogaria Venancio,Success,23.19,Escova Dental Colgate Total Foaming Clean Soft 2 Unidades,
7509546693736,ESCOVA DENTAL COLGATE TOTAL WHITENING 2UND BIPACK,Drogarias Pacheco,Success,23.19,Escova de Dente Colgate Whitening Total Active Prevention Suave 2 Unidades,
7509546693729,ESCOVA DENTAL COLGATE TOTAL LIMPEZA ESPUMOSA 2UND BIPACK,Droga Raia,Not Found,,,"Product found, but no price available."
7509546693736,ESCOVA DENTAL COLGATE TOTAL WHITENING 2UND BIPACK,Pague Menos,Success,27.99,Escova Dental Colgate Total Whitening Cerdas Macias 2 Unidades,
7509546693736,ESCOVA DENTAL COLGATE TOTAL WHITENING 2UND BIPACK,Drogasil,Not Found,,,"Product found, but no price available."
7509546693736,ESCOVA DENTAL COLGATE TOTAL WHITENING 2UND BIPACK,Drogal,Success,29.29,Escova Dental Colgate Total Whitening 2 Unidades,
7509546693736,ESCOVA DENTAL COLGATE TOTAL WHITENING 2UND BIPACK,Farmácias São João,Success,35.99,Escova Dental Colgate Total Whitening Restore 2 Unidades,
7509546693736,ESCOVA DENTAL COLGATE TOTAL WHITENING 2UND BIPACK,Drogaria Venancio,Success,23.19,Escova Dental Colgate Total Whitening Suave Macia 2 Unidade,
7509546693736,ESCOVA DENTAL COLGATE TOTAL WHITENING 2UND BIPACK,Farmácia Indiana,Success,31.99,Escova De Dente Colgate Total Whitening Restore Macia 2 Unidades,
7509546693736,ESCOVA DENTAL COLGATE TOTAL WHITENING 2UND BIPACK,Drogaria Catarinense,Success,28.36,Escova Dental Colgate Total Whitening 2 Unidades,
7509546693873,SABONETE BARRAS PALMOLIVE NATURALS HIDRATACAO REFRESCANTE MELANCIA E LICHIA 85g SIXPACK,Farmácias São João,Success,13.99,Kit Sabonete Palmolive Naturals Melancia e Lichia 6 Unidades 85g,
7509546693736,ESCOVA DENTAL COLGATE TOTAL WHITENING 2UND BIPACK,Droga Raia,Success,29.29,Escova de Dente Colgate Total Whitening Macia 2 unidades,
7509546693873,SABONETE BARRAS PALMOLIVE NATURALS HIDRATACAO REFRESCANTE MELANCIA E LICHIA 85g SIXPACK,Drogarias Pacheco,Success,17.59,Sabonete em Barra Palmolive Naturals Melancia e Lichia 6 Unidades,
7509546693873,SABONETE BARRAS PALMOLIVE NATURALS HIDRATACAO REFRESCANTE MELANCIA E LICHIA 85g SIXPACK,Drogal,Success,18.25,Kit Sabonete em Barra Palmolive Naturals Hidratação Refrescante Melancia & Lichia 6 Unidades de 85g Cada,
7509546693873,SABONETE BARRAS PALMOLIVE NATURALS HIDRATACAO REFRESCANTE MELANCIA E LICHIA 85g SIXPACK,Drogaria São Paulo,Success,17.59,Sabonete em Barra Palmolive Naturals Melancia e Lichia 6 Unidades,
7509546693873,SABONETE BARRAS PALMOLIVE NATURALS HIDRATACAO REFRESCANTE MELANCIA E LICHIA 85g SIXPACK,Pague Menos,Success,14.99,Kit Sabonete em Barra Palmolive Naturals Melancia e Lichia 85g 6 Unidades,
7509546693873,SABONETE BARRAS PALMOLIVE NATURALS HIDRATACAO REFRESCANTE MELANCIA E LICHIA 85g SIXPACK,Droga Raia,Success,15.39,Kit Sabonete em Barra Palmolive Naturals Melancia e Lichia 6 unidades de 85g cada,
7509546693873,SABONETE BARRAS PALMOLIVE NATURALS HIDRATACAO REFRESCANTE MELANCIA E LICHIA 85g SIXPACK,Drogasil,Success,15.39,Kit Sabonete em Barra Palmolive Naturals Melancia e Lichia 6 unidades de 85g cada,
7509546694580,ENXAGUANTE COLGATE GARD GENGIVA SAUDAVEL 250ml BIPACK,Drogaria São Paulo,Success,45.59,Kit Colgate PerioGard Enxaguante Bucal Zero Álcool 250ml + Pasta de Dente 60g,
7509546693873,SABONETE BARRAS PALMOLIVE NATURALS HIDRATACAO REFRESCANTE MELANCIA E LICHIA 85g SIXPACK,Drogaria Venancio,Success,14.99,Sabonete em Barra Palmolive Naturals Melancia e Lichia 6 Unidades de 85g Cada,
7509546690308,ESCOVA DENTAL ELMEX ELMEX SENSITIVE S/ VERSAO 2UND BIPACK,Drogasil,Not Found,,,"Product found, but no price available."
7509546693873,SABONETE BARRAS PALMOLIVE NATURALS HIDRATACAO REFRESCANTE MELANCIA E LICHIA 85g SIXPACK,Drogaria Catarinense,Success,18.24,Sabonete Palmolive Com 6x85gr Leve+pague- Melancia E Lichia Especial,
7509546693873,SABONETE BARRAS PALMOLIVE NATURALS HIDRATACAO REFRESCANTE MELANCIA E LICHIA 85g SIXPACK,Farmácia Indiana,Success,14.99,Sabonete Barra Naturals Hidratante Unissex Palmolive 6x85g,
7509546694580,ENXAGUANTE COLGATE GARD GENGIVA SAUDAVEL 250ml BIPACK,Drogarias Pacheco,Success,40.76,Kit Colgate PerioGard Enxaguante Bucal Zero Álcool 250ml + Pasta de Dente 60g,
7509546694580,ENXAGUANTE COLGATE GARD GENGIVA SAUDAVEL 250ml BIPACK,Drogaria Catarinense,Success,52.99,Kit Enxaguante Bucal Colgate Periogard 250ml + Creme Dental Periogard  Hortela 60g,
7509546694580,ENXAGUANTE COLGATE GARD GENGIVA SAUDAVEL 250ml BIPACK,Farmácia Indiana,Success,42.89,Kit Enxaguante Bucal PerioGard Sem Álcool Anti-Gengivite Colgate 250ml + 60g,
7509546694580,ENXAGUANTE COLGATE GARD GENGIVA SAUDAVEL 250ml BIPACK,Drogal,Success,45.96,Kit Colgate Periogard Creme Dental Sabor Hortelã 60g + Enxaguante Bucal Sem Álcool 250ml,
7509546695792,SABONETE BARRAS PROTEX FRESH 85g SIXPACK,Drogaria São Paulo,Success,15.45,Kit Sabonete em Barra Antibacteriano Protex Fresh 6 Unidades de 85g,
7509546694580,ENXAGUANTE COLGATE GARD GENGIVA SAUDAVEL 250ml BIPACK,Pague Menos,Success,46.99,Kit Enxaguante Bucal Colgate Periogard Zero Álcool 250ml 1 Uni + Creme Dental Colgate Periogard Hortelã 60g 1 Unidade,
7509546694580,ENXAGUANTE COLGATE GARD GENGIVA SAUDAVEL 250ml BIPACK,Farmácias São João,Success,53.99,Kit Creme Dental Colgate Periogard 60g + Enxaguante Bucal 250ml,
7509546695792,SABONETE BARRAS PROTEX FRESH 85g SIXPACK,Drogarias Pacheco,Success,18.59,Kit Sabonete em Barra Antibacteriano Protex Fresh 6 Unidades de 85g,
7509546695792,SABONETE BARRAS PROTEX FRESH 85g SIXPACK,Pague Menos,Success,15.49,Kit Sabonete em Barra Protex Fresh Antibacteriano 85g 6 Unidades,
7509546694580,ENXAGUANTE COLGATE GARD GENGIVA SAUDAVEL 250ml BIPACK,Drogaria Venancio,Success,41.59,Kit Colgate Perio Gard Gengiva Saudável Solução Bucal 250ml + Creme Dental 60g,
7509546695792,SABONETE BARRAS PROTEX FRESH 85g SIXPACK,Droga Raia,Success,17.99,Kit Sabonete em Barra Protex Fresh 6 unidades de 85g cada,
7509546695792,SABONETE BARRAS PROTEX FRESH 85g SIXPACK,Drogal,Success,15.49,Sabonete em Barra Protex Fresh 85g Leve 6 Pague Menos,
7509546694580,ENXAGUANTE COLGATE GARD GENGIVA SAUDAVEL 250ml BIPACK,Drogasil,Not Found,,,"Product found, but no price available."
7509546695792,SABONETE BARRAS PROTEX FRESH 85g SIXPACK,Farmácia Indiana,Success,17.69,Sabonete em Barra Protex Fresh Antibacteriano 6 Unidades de 85g,
7509546695792,SABONETE BARRAS PROTEX FRESH 85g SIXPACK,Farmácias São João,Success,17.99,Kit Sabonete Protex Fresh 6 Unidades 85g,
7509546695792,SABONETE BARRAS PROTEX FRESH 85g SIXPACK,Drogaria Venancio,Success,16.19,Sabonete em Barra Protex Fresh 6 Unidades de 85g Cada,
7509546695792,SABONETE BARRAS PROTEX FRESH 85g SIXPACK,Drogaria Catarinense,Success,19.36,Sabonete Em Barra Protex Fresh 85g 6 Unidades,
7509546694580,ENXAGUANTE COLGATE GARD GENGIVA SAUDAVEL 250ml BIPACK,Droga Raia,Not Found,,,"Product found, but no price available."
7509546695945,SABONETE LÍQUIDO PALMOLIVE NATURALS HIDRATACAO REFRESCANTE MELANCIA E LICHIA 250g SINGLE,Drogaria São Paulo,Success,10.59,Sabonete Líquido Palmolive Nutritivo Melancia e Lichia Naturals Frasco 250ml,
7509546695945,SABONETE LÍQUIDO PALMOLIVE NATURALS HIDRATACAO REFRESCANTE MELANCIA E LICHIA 250g SINGLE,Drogarias Pacheco,Success,9.99,Sabonete Líquido Palmolive Nutritivo Melancia e Lichia Naturals Frasco 250ml,
7509546695945,SABONETE LÍQUIDO PALMOLIVE NATURALS HIDRATACAO REFRESCANTE MELANCIA E LICHIA 250g SINGLE,Farmácias São João,Success,11.99,Sabonete Líquido Palmolive Melancia e Lichia 250ml,
7509546695792,SABONETE BARRAS PROTEX FRESH 85g SIXPACK,Drogasil,Success,17.99,Kit Sabonete em Barra Protex Fresh 6 unidades de 85g cada,
7509546695945,SABONETE LÍQUIDO PALMOLIVE NATURALS HIDRATACAO REFRESCANTE MELANCIA E LICHIA 250g SINGLE,Pague Menos,Success,8.99,Sabonete Líquido Palmolive Naturals Melancia E Lichia 250ml,
7509546695945,SABONETE LÍQUIDO PALMOLIVE NATURALS HIDRATACAO REFRESCANTE MELANCIA E LICHIA 250g SINGLE,Drogaria Catarinense,Success,10.59,Sabonete Liquido Palmolive Naturals Melancia E Lichia 250ml,
7509546695945,SABONETE LÍQUIDO PALMOLIVE NATURALS HIDRATACAO REFRESCANTE MELANCIA E LICHIA 250g SINGLE,Drogaria Venancio,Success,8.99,Sabonete Líquido Palmolive Naturals Melancia e Lichia 250ml,
7509546695945,SABONETE LÍQUIDO PALMOLIVE NATURALS HIDRATACAO REFRESCANTE MELANCIA E LICHIA 250g SINGLE,Farmácia Indiana,Success,8.89,Sabonete Líquido Corporal Palmolive Naturals Hidratação Refrescante 250ml,
7509546695945,SABONETE LÍQUIDO PALMOLIVE NATURALS HIDRATACAO REFRESCANTE MELANCIA E LICHIA 250g SINGLE,Drogal,Success,9.79,Sabonete Líquido Palmolive Naturals Hidratação Refrescante Melancia e Lichia 250ml,
7509546695945,SABONETE LÍQUIDO PALMOLIVE NATURALS HIDRATACAO REFRESCANTE MELANCIA E LICHIA 250g SINGLE,Droga Raia,Success,9.09,Sabonete Líquido Corporal Palmolive Naturals Melancia & Lichia 250ml,
7509546696126,SABONETE BARRAS PALMOLIVE NATURALS SENSACAO PURIFICANTE ARGILA PRETA E OLEO DE EUCALIPTO 85g SIXPACK,Pague Menos,Success,14.99,Kit Sabonete em Barra Palmolive Naturals Argila Preta e Óleo de Eucalipto 85g 6 Unidades Promo,
7509546696126,SABONETE BARRAS PALMOLIVE NATURALS SENSACAO PURIFICANTE ARGILA PRETA E OLEO DE EUCALIPTO 85g SIXPACK,Droga Raia,Success,15.39,Kit Sabonete em Barra Palmolive Naturals Argila Preta e Eucalipto 6 unidades de 85g cada,
7509546696126,SABONETE BARRAS PALMOLIVE NATURALS SENSACAO PURIFICANTE ARGILA PRETA E OLEO DE EUCALIPTO 85g SIXPACK,Drogaria Venancio,Success,14.99,Sabonete em Barra Palmolive Naturals Sensação Purificante Argila Preta e Óleo Eucalipto 6 Unidades de 85g Cada,
7509546696126,SABONETE BARRAS PALMOLIVE NATURALS SENSACAO PURIFICANTE ARGILA PRETA E OLEO DE EUCALIPTO 85g SIXPACK,Drogarias Pacheco,Success,19.59,Sabonete em Barra Palmolive Naturals Sensação Purificante Argila Preta e Óleo de Eucalipto 6 unidades 85g,
7509546696126,SABONETE BARRAS PALMOLIVE NATURALS SENSACAO PURIFICANTE ARGILA PRETA E OLEO DE EUCALIPTO 85g SIXPACK,Drogasil,Success,15.39,Kit Sabonete em Barra Palmolive Naturals Argila Preta e Eucalipto 6 unidades de 85g cada,
7509546696126,SABONETE BARRAS PALMOLIVE NATURALS SENSACAO PURIFICANTE ARGILA PRETA E OLEO DE EUCALIPTO 85g SIXPACK,Drogal,Success,9.09,Kit Sabonete em Barra Palmolive Naturals Sensação Purificante Argila Preta e Óleo de Eucalipto 6 Unidades de 85g Cada,
7509546696126,SABONETE BARRAS PALMOLIVE NATURALS SENSACAO PURIFICANTE ARGILA PRETA E OLEO DE EUCALIPTO 85g SIXPACK,Drogaria São Paulo,Success,18.99,Sabonete em Barra Palmolive Naturals Sensação Purificante Argila Preta e Óleo de Eucalipto 6 unidades 85g,
7509546695945,SABONETE LÍQUIDO PALMOLIVE NATURALS HIDRATACAO REFRESCANTE MELANCIA E LICHIA 250g SINGLE,Drogasil,Success,9.09,Sabonete Líquido Corporal Palmolive Naturals Melancia & Lichia 250ml,
7509546697239,CREME DENTAL COLGATE SENSITIVE PRO ALÍVIO IMEDIATO IMEDIATO XTREME 90g TRIPACK,Drogaria São Paulo,Success,32.19,Kit Pasta de Dente Colgate Sensitive Pro-Alívio Imediato Xtreme 3 Unidades de 90g,
7509546697239,CREME DENTAL COLGATE SENSITIVE PRO ALÍVIO IMEDIATO IMEDIATO XTREME 90g TRIPACK,Drogarias Pacheco,Success,27.49,Kit Pasta de Dente Colgate Sensitive Pro-Alívio Imediato Xtreme 3 Unidades de 90g,
7509546696126,SABONETE BARRAS PALMOLIVE NATURALS SENSACAO PURIFICANTE ARGILA PRETA E OLEO DE EUCALIPTO 85g SIXPACK,Drogaria Catarinense,Success,18.75,Sabonete Palmolive Barra Com 6x85gr Leve+pague- Argila Preta Eucalipto,
7509546696126,SABONETE BARRAS PALMOLIVE NATURALS SENSACAO PURIFICANTE ARGILA PRETA E OLEO DE EUCALIPTO 85g SIXPACK,Farmácia Indiana,Success,14.99,Sabonete Naturals Argila e Eucalipto Palmolive 6x85g,
7509546696126,SABONETE BARRAS PALMOLIVE NATURALS SENSACAO PURIFICANTE ARGILA PRETA E OLEO DE EUCALIPTO 85g SIXPACK,Farmácias São João,Success,13.99,Kit Sabonete Palmolive Naturals Argila e Eucalipto 6 Unidades 85g,
7509546697239,CREME DENTAL COLGATE SENSITIVE PRO ALÍVIO IMEDIATO IMEDIATO XTREME 90g TRIPACK,Drogaria Catarinense,Success,32.75,Creme Dental Colgate Sensitive Pro Alívio Imediato Xtreme 90g 3 Unidades,
7509546697239,CREME DENTAL COLGATE SENSITIVE PRO ALÍVIO IMEDIATO IMEDIATO XTREME 90g TRIPACK,Farmácia Indiana,Success,41.89,Creme Dental Colgate Sensitive Pro Alívio Imediato 3x90g,
7509546697239,CREME DENTAL COLGATE SENSITIVE PRO ALÍVIO IMEDIATO IMEDIATO XTREME 90g TRIPACK,Drogal,Success,27.89,Kit Creme Dental Colgate Sensitive Pro Alívio Imediato Xtreme 3 Unidades 90g Cada,
7509546697239,CREME DENTAL COLGATE SENSITIVE PRO ALÍVIO IMEDIATO IMEDIATO XTREME 90g TRIPACK,Farmácias São João,Success,27.99,Kit Creme Dental Colgate Sensitive Pró-Alívio Imediato Leve 3 Pague 2 90g,
7509546697239,CREME DENTAL COLGATE SENSITIVE PRO ALÍVIO IMEDIATO IMEDIATO XTREME 90g TRIPACK,Pague Menos,Success,26.99,Kit Creme Dental Colgate Sensitive Pro Alívio Imediato Xtreme Temperatures 90g 3 Unidades,
7509546697383,CREME DENTAL COLGATE TOTAL CARVAO ATIVADO 90g FOURPACK,Drogaria São Paulo,Success,38.19,Kit Pasta de Dente Colgate Total Prevenção Ativa Carvão Ativado 4 Unidades de 90g,
7509546697239,CREME DENTAL COLGATE SENSITIVE PRO ALÍVIO IMEDIATO IMEDIATO XTREME 90g TRIPACK,Drogaria Venancio,Success,27.49,Creme Dental Colgate Sensitive Pro Alivio Imediato Xtreme 3 Unidades de 90g Cada,
7509546697383,CREME DENTAL COLGATE TOTAL CARVAO ATIVADO 90g FOURPACK,Drogal,Success,26.75,Kit Creme Dental Colgate Total Carvão Ativado 4 Unidades 90g Cada,
7509546697383,CREME DENTAL COLGATE TOTAL CARVAO ATIVADO 90g FOURPACK,Drogarias Pacheco,Success,36.99,Kit Pasta de Dente Colgate Total Prevenção Ativa Carvão Ativado 4 Unidades de 90g,
7509546697383,CREME DENTAL COLGATE TOTAL CARVAO ATIVADO 90g FOURPACK,Pague Menos,Success,35.99,Pack Creme Dental Colgate Total Prevenção Ativa Carvão Ativado  4 Unidades De 90g Cada,
7509546697383,CREME DENTAL COLGATE TOTAL CARVAO ATIVADO 90g FOURPACK,Farmácia Indiana,Success,37.19,Creme Dental Colgate Total Prevenção Ativa Carvão Ativado 4 Unidades de 90g,
7509546697383,CREME DENTAL COLGATE TOTAL CARVAO ATIVADO 90g FOURPACK,Farmácias São João,Success,47.99,Kit Creme Dental Colgate Total 12 Carvão 90g 4 Unidades,
7509546697383,CREME DENTAL COLGATE TOTAL CARVAO ATIVADO 90g FOURPACK,Drogaria Venancio,Success,36.99,Creme Dental Colgate Total Prevenção Ativa Carvão Ativado 90g 4 unidades,
7509546697383,CREME DENTAL COLGATE TOTAL CARVAO ATIVADO 90g FOURPACK,Drogasil,Not Found,,,"Product found, but no price available."
7509546697383,CREME DENTAL COLGATE TOTAL CARVAO ATIVADO 90g FOURPACK,Drogaria Catarinense,Not Found,,,"Product found, but no price available."
7509546697239,CREME DENTAL COLGATE SENSITIVE PRO ALÍVIO IMEDIATO IMEDIATO XTREME 90g TRIPACK,Droga Raia,Success,32.19,Creme Dental Colgate Sensitive Pro Alívio Imediato Xtreme 90g 3 unidades,
7509546700434,CREME DENTAL COLGATE LUMINOUS WHITE COLOR CORRECT 70g SINGLE,Farmácias São João,Success,9.49,Creme Dental Colgate Luminous White Color Correct 70g,
7509546700434,CREME DENTAL COLGATE LUMINOUS WHITE COLOR CORRECT 70g SINGLE,Drogaria São Paulo,Success,9.45,Pasta de Dente Fresh Mint Colgate Luminous White Color Correct 70g,
7509546700434,CREME DENTAL COLGATE LUMINOUS WHITE COLOR CORRECT 70g SINGLE,Drogarias Pacheco,Success,9.11,Pasta de Dente Fresh Mint Colgate Luminous White Color Correct 70g,
7509546697383,CREME DENTAL COLGATE TOTAL CARVAO ATIVADO 90g FOURPACK,Droga Raia,Success,38.19,Kit Pasta de dente Colgate Total Prevenção Ativa Carvão Ativado 4 unidades de 90g cada,
7509546700434,CREME DENTAL COLGATE LUMINOUS WHITE COLOR CORRECT 70g SINGLE,Pague Menos,Success,10.49,Creme Dental Colgate Luminous White Color Correct 70g,
7509546700434,CREME DENTAL COLGATE LUMINOUS WHITE COLOR CORRECT 70g SINGLE,Drogal,Success,9.09,Creme Dental Colgate Luminous White Color Correct Fresh Mint 70g,
7509546700434,CREME DENTAL COLGATE LUMINOUS WHITE COLOR CORRECT 70g SINGLE,Drogaria Venancio,Success,9.11,Creme Dental Colgate Luminous White Color Correct 70g,
7509546702605,CREME DENTAL COLGATE TOTAL ORIGINAL MINT 90g SINGLE,Drogaria São Paulo,Success,12.59,Creme Dental Colgate Total Mint Original Prevenção Ativa 90g,
7509546700434,CREME DENTAL COLGATE LUMINOUS WHITE COLOR CORRECT 70g SINGLE,Drogasil,Success,10.69,Creme Dental Colgate Luminous White Color Correct Fresh Mint 70g,
7509546702605,CREME DENTAL COLGATE TOTAL ORIGINAL MINT 90g SINGLE,Drogarias Pacheco,Success,11.19,Creme Dental Colgate Total Mint Original Prevenção Ativa 90g,
7509546700434,CREME DENTAL COLGATE LUMINOUS WHITE COLOR CORRECT 70g SINGLE,Drogaria Catarinense,Success,8.9,Creme Dental Colgate Luminous White Color Correct 70gr,
7509546700434,CREME DENTAL COLGATE LUMINOUS WHITE COLOR CORRECT 70g SINGLE,Farmácia Indiana,Success,9.99,Creme Dental Luminous White Color Correct Clareador Colgate 70g,
7509546702605,CREME DENTAL COLGATE TOTAL ORIGINAL MINT 90g SINGLE,Drogal,Success,10.05,Creme Dental Colgate Total Original Mint 90g,
7509546702605,CREME DENTAL COLGATE TOTAL ORIGINAL MINT 90g SINGLE,Pague Menos,Success,12.49,Creme Dental Original Mint Colgate Total Prevenção Ativa 90g,
7509546702605,CREME DENTAL COLGATE TOTAL ORIGINAL MINT 90g SINGLE,Farmácias São João,Success,9.99,Creme Dental Colgate Total Original Mint Prevenção Ativa 90g,
7509546702605,CREME DENTAL COLGATE TOTAL ORIGINAL MINT 90g SINGLE,Farmácia Indiana,Success,12.49,Creme Dental Total Prevenção Ativa Original Mint Colgate 90g,
7509546702605,CREME DENTAL COLGATE TOTAL ORIGINAL MINT 90g SINGLE,Drogaria Catarinense,Success,14.99,Creme Dental Original Mint Colgate Total Prevenção Ativa Caixa 90g,
7509546702605,CREME DENTAL COLGATE TOTAL ORIGINAL MINT 90g SINGLE,Drogaria Venancio,Success,11.19,Creme Dental Colgate Total Prevenção Ativa Original Mint 90g,
7509546700434,CREME DENTAL COLGATE LUMINOUS WHITE COLOR CORRECT 70g SINGLE,Droga Raia,Success,10.69,Creme Dental Colgate Luminous White Color Correct Fresh Mint 70g,
7509546702612,CREME DENTAL COLGATE TOTAL ORIGINAL MINT 90g FOURPACK,Drogarias Pacheco,Success,36.99,Creme Dental Original Mint Colgate Total Prevenção Ativa 90g,
7509546702612,CREME DENTAL COLGATE TOTAL ORIGINAL MINT 90g FOURPACK,Drogaria São Paulo,Success,38.19,Creme Dental Original Mint Colgate Total Prevenção Ativa 90g,
7509546702605,CREME DENTAL COLGATE TOTAL ORIGINAL MINT 90g SINGLE,Drogasil,Not Found,,,"Product found, but no price available."
7509546702612,CREME DENTAL COLGATE TOTAL ORIGINAL MINT 90g FOURPACK,Drogal,Success,26.75,Kit Creme Dental Colgate Total Prevenção Ativa Original Mint 4 Unidades 90g Cada,
7509546702605,CREME DENTAL COLGATE TOTAL ORIGINAL MINT 90g SINGLE,Droga Raia,Success,12.59,Creme Dental Colgate Total Prevenção Ativa Original Mint 90g,
7509546702612,CREME DENTAL COLGATE TOTAL ORIGINAL MINT 90g FOURPACK,Farmácias São João,Success,47.99,Kit Creme Dental Colgate Total Mint Original 90g 4 Unidades,
7509546702612,CREME DENTAL COLGATE TOTAL ORIGINAL MINT 90g FOURPACK,Pague Menos,Success,35.99,Pack Creme Dental Original Mint Colgate Total Prevenção Ativa 4 Unidades De 90g Cada,
7509546702612,CREME DENTAL COLGATE TOTAL ORIGINAL MINT 90g FOURPACK,Drogaria Venancio,Success,36.99,Creme Dental Colgate Total Prevenção Ativa Original Mint 4 unidades de 90g cada,
7509546702636,CREME DENTAL COLGATE TOTAL ORIGINAL MINT 140g SINGLE,Drogaria São Paulo,Success,17.59,Creme Dental Original Mint Colgate Total Prevenção Ativa Caixa 140g,
7509546702612,CREME DENTAL COLGATE TOTAL ORIGINAL MINT 90g FOURPACK,Drogasil,Not Found,,,"Product found, but no price available."
7509546702612,CREME DENTAL COLGATE TOTAL ORIGINAL MINT 90g FOURPACK,Drogaria Catarinense,Success,42.59,Creme Dental Colgate Total Prevenção Ativa Original Mint 90g 4 Unidades,
7509546702636,CREME DENTAL COLGATE TOTAL ORIGINAL MINT 140g SINGLE,Drogarias Pacheco,Success,16.59,Creme Dental Original Mint Colgate Total Prevenção Ativa Caixa 140g,
7509546702612,CREME DENTAL COLGATE TOTAL ORIGINAL MINT 90g FOURPACK,Farmácia Indiana,Success,37.19,Creme Dental Colgate Prevenção Ativa Anti-Cárie Original Mint 4x90g,
7509546702612,CREME DENTAL COLGATE TOTAL ORIGINAL MINT 90g FOURPACK,Droga Raia,Success,38.19,Kit Creme Dental Colgate Total Prevenção Ativa Original Mint 90g 4 unidades,
7509546702636,CREME DENTAL COLGATE TOTAL ORIGINAL MINT 140g SINGLE,Drogal,Success,13.45,Creme Dental Colgate Total Prevenção Ativa Original Mint 140g,
7509546702636,CREME DENTAL COLGATE TOTAL ORIGINAL MINT 140g SINGLE,Farmácia Indiana,Success,16.69,Creme Dental Total Prevenção Ativa Anti-cárie Colgate 140g,
7509546702636,CREME DENTAL COLGATE TOTAL ORIGINAL MINT 140g SINGLE,Drogaria Catarinense,Success,17.99,Creme Dental Colgate Total Prevenção Ativa Original Mint 140g,
7509546702636,CREME DENTAL COLGATE TOTAL ORIGINAL MINT 140g SINGLE,Drogaria Venancio,Success,17.49,Creme Dental Colgate Total Prevenção Ativa Original Mint 140g,
7509546702988,ESCOVA DENTAL COLGATE ORIGINAL MINT 3UND TRIPACK,Drogaria São Paulo,Success,23.79,Kit Colgate Estojo Creme Dental 30g + Enxaguante Bucal 60ml + Escova Dental,
7509546697239,CREME DENTAL COLGATE SENSITIVE PRO ALÍVIO IMEDIATO IMEDIATO XTREME 90g TRIPACK,Drogasil,Success,32.19,Creme Dental Colgate Sensitive Pro Alívio Imediato Xtreme 90g 3 unidades,
7509546702636,CREME DENTAL COLGATE TOTAL ORIGINAL MINT 140g SINGLE,Farmácias São João,Success,13.99,Creme Dental Colgate Total Mint Original 140g,
7509546702636,CREME DENTAL COLGATE TOTAL ORIGINAL MINT 140g SINGLE,Pague Menos,Success,15.49,Creme Dental Original Mint Colgate Total Prevenção Ativa 140g Preço Especial,
7509546702988,ESCOVA DENTAL COLGATE ORIGINAL MINT 3UND TRIPACK,Drogarias Pacheco,Success,23.79,Kit Colgate Estojo Creme Dental 30g + Enxaguante Bucal 60ml + Escova Dental,
7509546702636,CREME DENTAL COLGATE TOTAL ORIGINAL MINT 140g SINGLE,Drogasil,Not Found,,,"Product found, but no price available."
7509546702988,ESCOVA DENTAL COLGATE ORIGINAL MINT 3UND TRIPACK,Farmácias São João,Success,41.99,Kit Viagem Colgate Creme Dental Total Mint + Escova Dental + Enxaguante Bucal,
7509546702988,ESCOVA DENTAL COLGATE ORIGINAL MINT 3UND TRIPACK,Pague Menos,Success,27.99,Kit Viagem Colgate Estojo + Creme Dental Original Mint 30g + Enxaguante Bucal Clean Mint 60ml + Escova Dental Macia Colgate Total 1 Unidade,
7591083011081,ESCOVA DENTAL COLGATE COLGATE BABY 0-2 ANOS 1UND SINGLE,Drogaria São Paulo,Success,29.99,Escova de Dente Infantil Colgate My First 1 Unidade,
7509546702988,ESCOVA DENTAL COLGATE ORIGINAL MINT 3UND TRIPACK,Drogaria Catarinense,Success,33.99,Kit Viagem Colgate Escova Dental + Creme Dental 30gr + Enxaguante Bucal  60ml,
7509546702988,ESCOVA DENTAL COLGATE ORIGINAL MINT 3UND TRIPACK,Farmácia Indiana,Success,27.99,Kit Viagem Colgate Total Original Mint Escova + Creme 30g + Enxaguante 60ml,
7509546702988,ESCOVA DENTAL COLGATE ORIGINAL MINT 3UND TRIPACK,Drogasil,Not Found,,,"Product found, but no price available."
7509546702988,ESCOVA DENTAL COLGATE ORIGINAL MINT 3UND TRIPACK,Drogal,Success,29.05,Kit de Higiene Bucal Para Viagem Colgate 1 Creme Dental Original Mint 30g + 1 Enxaguante Bucal Clean Mint 60ml + 1 Escova Dental Dobrável,
7509546702988,ESCOVA DENTAL COLGATE ORIGINAL MINT 3UND TRIPACK,Drogaria Venancio,Success,34.57,Kit Viagem Colgate Total Antisséptico Bucal 60ml + Creme Dental 30g + Escova Dental Portátil,
7591083011081,ESCOVA DENTAL COLGATE COLGATE BABY 0-2 ANOS 1UND SINGLE,Farmácias São João,Not Found,,,"Product found, but no price available."
7591083011081,ESCOVA DENTAL COLGATE COLGATE BABY 0-2 ANOS 1UND SINGLE,Drogal,Success,24.59,Escova Dental Infantil Colgate My First 0-2 Anos Extra Macia 1 Unidade,
7591083011081,ESCOVA DENTAL COLGATE COLGATE BABY 0-2 ANOS 1UND SINGLE,Drogarias Pacheco,Success,31.99,Escova de Dente Infantil Colgate My First 1 Unidade,
7591083011081,ESCOVA DENTAL COLGATE COLGATE BABY 0-2 ANOS 1UND SINGLE,Pague Menos,Success,28.99,Escova Dental Infantil Colgate My First Cerdas Extra Macias 0 a 2 anos 1 Unidade,
7591083011081,ESCOVA DENTAL COLGATE COLGATE BABY 0-2 ANOS 1UND SINGLE,Drogaria Venancio,Success,26.89,Escova Dental Colgate My First Sem Flúor 1unid,
7509546702636,CREME DENTAL COLGATE TOTAL ORIGINAL MINT 140g SINGLE,Droga Raia,Success,16.79,Creme Dental Colgate Total Prevenção Ativa Original Mint 140g,
7591083011081,ESCOVA DENTAL COLGATE COLGATE BABY 0-2 ANOS 1UND SINGLE,Farmácia Indiana,Success,31.99,Escova Dental Manual Smiles Extra Macia 0 a 2 Anos Colgate 1 Unidade,
7591083011081,ESCOVA DENTAL COLGATE COLGATE BABY 0-2 ANOS 1UND SINGLE,Drogasil,Success,28.99,Escova de Dente Infantil Colgate My First Extra Macia de 0 a 2 anos com 1 unidade,
7591083011081,ESCOVA DENTAL COLGATE COLGATE BABY 0-2 ANOS 1UND SINGLE,Drogaria Catarinense,Success,30.24,Escova Dental Colgate Smiles 0 A 2 Anos,
7793100112287,CREME DENTAL COLGATE GARD S/ VERSAO 90g SINGLE,Drogaria São Paulo,Success,29.99,Pasta de Dente Colgate OrthoGard Cuidado Ortodôntico 90g,
7793100112287,CREME DENTAL COLGATE GARD S/ VERSAO 90g SINGLE,Pague Menos,Success,29.99,Creme Dental Colgate Orthogard Cuidado Ortodôntico Uso Diário 90g,
7793100112287,CREME DENTAL COLGATE GARD S/ VERSAO 90g SINGLE,Drogarias Pacheco,Success,28.49,Pasta de Dente Colgate OrthoGard Cuidado Ortodôntico 90g,
7793100112287,CREME DENTAL COLGATE GARD S/ VERSAO 90g SINGLE,Drogaria Venancio,Success,28.49,Creme Dental Colgate Orthogard Original 90g,
7793100112287,CREME DENTAL COLGATE GARD S/ VERSAO 90g SINGLE,Droga Raia,Success,29.99,Creme Dental Colgate OrthoGard Cuidado Ortodôntico 90g,
7793100112287,CREME DENTAL COLGATE GARD S/ VERSAO 90g SINGLE,Farmácia Indiana,Success,37.39,Creme Dental Colgate Orthogard Proteção para Aparelho 90g,
7591083011081,ESCOVA DENTAL COLGATE COLGATE BABY 0-2 ANOS 1UND SINGLE,Droga Raia,Success,28.99,Escova de Dente Infantil Colgate My First Extra Macia de 0 a 2 anos com 1 unidade,
7793100112287,CREME DENTAL COLGATE GARD S/ VERSAO 90g SINGLE,Drogal,Success,28.29,Creme Dental Colgate OrthoGard Uso Diário Cuidado Ortodôntico 90g,
7793100112287,CREME DENTAL COLGATE GARD S/ VERSAO 90g SINGLE,Drogaria Catarinense,Success,36.99,Creme Dental Colgate Orthogard Cuidado Ortodôntico 90g,
7793100130243,CREME DENTAL COLGATE GARD GENGIVA SAUDAVEL 90g SINGLE,Drogaria São Paulo,Success,26.94,Pasta de Dente Colgate Periogard Gengiva Saudável Hortelã 90g,
7793100112287,CREME DENTAL COLGATE GARD S/ VERSAO 90g SINGLE,Drogasil,Not Found,,,"Product found, but no price available."
7793100112287,CREME DENTAL COLGATE GARD S/ VERSAO 90g SINGLE,Farmácias São João,Success,34.99,Creme Dental Colgate Orthogard 90g,
7793100130243,CREME DENTAL COLGATE GARD GENGIVA SAUDAVEL 90g SINGLE,Farmácia Indiana,Success,35.39,Creme Dental Colgate PerioGard Gengivas Gel Adulto e Infantil 90g,
7793100130243,CREME DENTAL COLGATE GARD GENGIVA SAUDAVEL 90g SINGLE,Drogaria Venancio,Success,25.49,Creme Dental Colgate PerioGard 90g,
7793100130243,CREME DENTAL COLGATE GARD GENGIVA SAUDAVEL 90g SINGLE,Drogal,Success,25.59,Creme Dental Colgate PerioGard Uso Diário 90g,
7793100130243,CREME DENTAL COLGATE GARD GENGIVA SAUDAVEL 90g SINGLE,Farmácias São João,Success,34.99,Creme Dental Colgate Periogard 90g,
7891024013540,ESCOVA DENTAL COLGATE WHITENING S/ VERSAO 2UND BIPACK,Drogaria São Paulo,Success,20.49,Escova de Dente Colgate Whitening 2 Unidades,
7793100130243,CREME DENTAL COLGATE GARD GENGIVA SAUDAVEL 90g SINGLE,Drogarias Pacheco,Success,24.98,Pasta de Dente Colgate Periogard Gengiva Saudável Hortelã 90g,
7891024013540,ESCOVA DENTAL COLGATE WHITENING S/ VERSAO 2UND BIPACK,Drogarias Pacheco,Success,17.99,Escova de Dente Colgate Whitening 2 Unidades,
7891024013540,ESCOVA DENTAL COLGATE WHITENING S/ VERSAO 2UND BIPACK,Pague Menos,Success,20.99,Escova Dental Colgate Whitening Cerdas Macias 2 Unidades,
7891024013540,ESCOVA DENTAL COLGATE WHITENING S/ VERSAO 2UND BIPACK,Drogal,Success,19.89,Escova de Dente Colgate Whitening 2 Unidades,
7891024013540,ESCOVA DENTAL COLGATE WHITENING S/ VERSAO 2UND BIPACK,Farmácias São João,Success,26.99,Escova Dental Colgate Whitening Macia 2 Unidades,
7891024013540,ESCOVA DENTAL COLGATE WHITENING S/ VERSAO 2UND BIPACK,Drogaria Venancio,Success,17.99,Escova Dental Colgate Whitening 2 Unidades,
7793100130243,CREME DENTAL COLGATE GARD GENGIVA SAUDAVEL 90g SINGLE,Pague Menos,Success,29.99,Creme Dental Colgate Periogard Gengiva Saudável Uso Diário 90g,
7891024013540,ESCOVA DENTAL COLGATE WHITENING S/ VERSAO 2UND BIPACK,Drogaria Catarinense,Success,21.24,Escova Dental Colgate Whitening 2 Unidades,
7891024013540,ESCOVA DENTAL COLGATE WHITENING S/ VERSAO 2UND BIPACK,Farmácia Indiana,Success,22.99,Kit Escova Dental Colgate Whitening Unissex Adulto 2 Unidades,
7793100130243,CREME DENTAL COLGATE GARD GENGIVA SAUDAVEL 90g SINGLE,Drogaria Catarinense,Success,36.99,Creme Dental Colgate Periogard Gengiva Saudável Hortelã 90g,
7891024021606,ESCOVA DENTAL COLGATE ULTRA SOFT S/ VERSAO 3UND TRIPACK,Drogaria São Paulo,Success,46.99,Escova de Dente Colgate Ultra Soft 3 Unidades Cores Sortidas,
7891024021606,ESCOVA DENTAL COLGATE ULTRA SOFT S/ VERSAO 3UND TRIPACK,Drogarias Pacheco,Success,41.99,Escova de Dente Colgate Ultra Soft Edição Especial 3 Unidades Cores Sortidas,
7891024021606,ESCOVA DENTAL COLGATE ULTRA SOFT S/ VERSAO 3UND TRIPACK,Pague Menos,Success,46.99,Escova Dental Colgate Ultra Soft Cerdas Ulta Macia 3 Unidades,
7793100130243,CREME DENTAL COLGATE GARD GENGIVA SAUDAVEL 90g SINGLE,Drogasil,Not Found,,,"Product found, but no price available."
7793100130243,CREME DENTAL COLGATE GARD GENGIVA SAUDAVEL 90g SINGLE,Droga Raia,Not Found,,,"Product found, but no price available."
7891024021606,ESCOVA DENTAL COLGATE ULTRA SOFT S/ VERSAO 3UND TRIPACK,Drogal,Success,51.99,Kit Escova de Dente Colgate Ultra Soft 3 Unidades,
7891024021606,ESCOVA DENTAL COLGATE ULTRA SOFT S/ VERSAO 3UND TRIPACK,Farmácias São João,Success,62.99,Escova Dental Colgate Ultra Soft 3 Unidades,
7891024021606,ESCOVA DENTAL COLGATE ULTRA SOFT S/ VERSAO 3UND TRIPACK,Drogaria Venancio,Success,41.99,Escova dental Colgate Ultra Soft 3 unidades,
7891024021606,ESCOVA DENTAL COLGATE ULTRA SOFT S/ VERSAO 3UND TRIPACK,Drogaria Catarinense,Success,47.99,Escova Dental Colgate Ultrasoft Macia Com 3 Unidades,
7891024021606,ESCOVA DENTAL COLGATE ULTRA SOFT S/ VERSAO 3UND TRIPACK,Farmácia Indiana,Success,54.99,Escova Dental Colgate Ultra Soft Macia 3 Unidades,
7891024024003,ÍNTIMO PROTEX DELICATE CARE 200ml SINGLE,Drogaria São Paulo,Success,22.99,Sabonete Íntimo Líquido Protex Cuidado Íntimo Delicate Care 200ml,
7891024024003,ÍNTIMO PROTEX DELICATE CARE 200ml SINGLE,Drogarias Pacheco,Success,21.59,Sabonete Íntimo Líquido Protex Cuidado Íntimo Delicate Care 200ml,
7891024024003,ÍNTIMO PROTEX DELICATE CARE 200ml SINGLE,Pague Menos,Success,18.99,Sabonete Líquido Íntimo Protex Cuidado Íntimo Delicate Care 200ml Promo,
7891024024003,ÍNTIMO PROTEX DELICATE CARE 200ml SINGLE,Drogal,Success,12.99,Sabonete Líquido Íntimo Protex Cuidado Delicate Care Preço Especial 200ml,
7891024024003,ÍNTIMO PROTEX DELICATE CARE 200ml SINGLE,Farmácias São João,Not Found,,,"Product found, but no price available."
7891024024003,ÍNTIMO PROTEX DELICATE CARE 200ml SINGLE,Drogaria Venancio,Success,18.99,Sabonete Líquido Corporal Protex Cuidado Íntimo Delicate Care 200ml,
7891024024003,ÍNTIMO PROTEX DELICATE CARE 200ml SINGLE,Drogaria Catarinense,Not Found,,,"Product found, but no price available."
7891024024003,ÍNTIMO PROTEX DELICATE CARE 200ml SINGLE,Farmácia Indiana,Success,21.99,Sabonete Íntimo Delicate Care Protex 200ml,
7891024026434,ESCOVA DENTAL COLGATE CLASSIC S/ VERSAO 3UND TRIPACK,Drogaria São Paulo,Success,11.54,Escova de Dente Colgate Classic Clean 3 Unidades,
7891024026434,ESCOVA DENTAL COLGATE CLASSIC S/ VERSAO 3UND TRIPACK,Drogarias Pacheco,Success,10.99,Escova de Dente Colgate Classic Clean 3 Unidades,
7891024026434,ESCOVA DENTAL COLGATE CLASSIC S/ VERSAO 3UND TRIPACK,Pague Menos,Success,10.99,Escova Dental Colgate Classic Clean Cerdas Macia Cores Sortidas 3 Unidades,
7891024013540,ESCOVA DENTAL COLGATE WHITENING S/ VERSAO 2UND BIPACK,Droga Raia,Success,20.49,Escova de Dente Colgate Whitening Macia Cabeça Compacta com 2 Unidades,
7891024026434,ESCOVA DENTAL COLGATE CLASSIC S/ VERSAO 3UND TRIPACK,Drogal,Success,12.09,Escova Dental Colgate Classic Clean 3 Unidades,
7891024026434,ESCOVA DENTAL COLGATE CLASSIC S/ VERSAO 3UND TRIPACK,Farmácias São João,Success,16.99,Escova Dental Colgate Classic Clean 3 Unidades,
7509546702988,ESCOVA DENTAL COLGATE ORIGINAL MINT 3UND TRIPACK,Droga Raia,Success,23.79,Kit Viagem Colgate Total Prevenção Ativa Enxaguante Bucal Sem Álcool 60ml +  Pasta de Dente 30g + Escova de Dente ,
7891024013540,ESCOVA DENTAL COLGATE WHITENING S/ VERSAO 2UND BIPACK,Drogasil,Success,20.49,Escova de Dente Colgate Whitening Macia Cabeça Compacta com 2 Unidades,
7891024026434,ESCOVA DENTAL COLGATE CLASSIC S/ VERSAO 3UND TRIPACK,Drogaria Catarinense,Success,13.03,Escova Dental Colgate Classic Clean Macia 3 Unidades,
7891024026434,ESCOVA DENTAL COLGATE CLASSIC S/ VERSAO 3UND TRIPACK,Drogaria Venancio,Success,10.99,Escova Dental Colgate Classic Clean 3 Unidades,
7891024026434,ESCOVA DENTAL COLGATE CLASSIC S/ VERSAO 3UND TRIPACK,Farmácia Indiana,Success,10.99,Escova Dental Classic Clean Colgate Cerdas Macias V 3 Unidades,
7891024030820,CREME DENTAL COLGATE LUMINOUS WHITE BRILLIANT 70g SINGLE,Drogaria São Paulo,Success,9.45,Pasta de Dente Colgate Luminous White Brilliant 70g,
7891024030820,CREME DENTAL COLGATE LUMINOUS WHITE BRILLIANT 70g SINGLE,Drogarias Pacheco,Success,9.45,Pasta de Dente Colgate Luminous White Brilliant 70g,
7891024030820,CREME DENTAL COLGATE LUMINOUS WHITE BRILLIANT 70g SINGLE,Pague Menos,Success,10.49,Creme Dental Clareador Colgate Luminous White Brilliant 70g,
7891024021606,ESCOVA DENTAL COLGATE ULTRA SOFT S/ VERSAO 3UND TRIPACK,Drogasil,Success,46.99,Escova de Dente Colgate Ultra Soft Ultra Macia com 3 unidades,
7891024030820,CREME DENTAL COLGATE LUMINOUS WHITE BRILLIANT 70g SINGLE,Drogal,Success,9.09,Creme Dental Clareador Colgate Luminous White Brilliant 70g,
7891024030820,CREME DENTAL COLGATE LUMINOUS WHITE BRILLIANT 70g SINGLE,Drogaria Venancio,Success,9.63,Creme Dental Colgate Luminous White Brilliant 70g,
7891024030820,CREME DENTAL COLGATE LUMINOUS WHITE BRILLIANT 70g SINGLE,Farmácias São João,Success,9.49,Creme Dental Clareador Colgate Luminous White Brilliant 70g,
7891024030820,CREME DENTAL COLGATE LUMINOUS WHITE BRILLIANT 70g SINGLE,Drogaria Catarinense,Success,8.9,Creme Dental Colgate Luminous White Brilliant 70g,
7891024030820,CREME DENTAL COLGATE LUMINOUS WHITE BRILLIANT 70g SINGLE,Farmácia Indiana,Success,10.99,Gel Dental Colgate Luminous White Clareador 70g,
7891024024003,ÍNTIMO PROTEX DELICATE CARE 200ml SINGLE,Drogasil,Success,20.79,Sabonete Íntimo Líquido Protex Cuidado Íntimo Delicate Care 200ml,
7891024033425,ENXAGUANTE COLGATE GARD SEM ALCOOL 250ml SINGLE,Drogaria São Paulo,Success,26.94,Enxaguante Bucal Colgate PerioGard Extra Mint Sem Álcool 250ml,
7891024033425,ENXAGUANTE COLGATE GARD SEM ALCOOL 250ml SINGLE,Drogarias Pacheco,Success,26.94,Enxaguante Bucal Colgate PerioGard Extra Mint Sem Álcool 250ml,
7891024033425,ENXAGUANTE COLGATE GARD SEM ALCOOL 250ml SINGLE,Pague Menos,Success,35.99,Enxaguante Bucal Colgate PerioGard Extra Mint Sem Álcool 250ml,
7891024021606,ESCOVA DENTAL COLGATE ULTRA SOFT S/ VERSAO 3UND TRIPACK,Droga Raia,Success,46.99,Escova de Dente Colgate Ultra Soft Ultra Macia com 3 unidades,
7891024026434,ESCOVA DENTAL COLGATE CLASSIC S/ VERSAO 3UND TRIPACK,Droga Raia,Success,16.9,Escova Dental Colgate Classic Clean Leve 3 Pague 2,
7891024033425,ENXAGUANTE COLGATE GARD SEM ALCOOL 250ml SINGLE,Drogal,Success,31.85,Enxaguante Bucal Colgate PerioGard Sem Álcool Sabor Extra Mint 250ml,
7891024033425,ENXAGUANTE COLGATE GARD SEM ALCOOL 250ml SINGLE,Drogaria Venancio,Success,43.99,Solução Bucal Colgate PerioGard Sem Álcool Extra Mint 250ml,
7891024033425,ENXAGUANTE COLGATE GARD SEM ALCOOL 250ml SINGLE,Farmácias São João,Success,37.99,Enxaguante Bucal Colgate PerioGard Extra Mint Sem Álcool 250ml,
7891024033425,ENXAGUANTE COLGATE GARD SEM ALCOOL 250ml SINGLE,Drogaria Catarinense,Success,31.61,Enxaguante Bucal Colgate Periogard Gengiva Saudável Extra Mint 250ml,
7891024033425,ENXAGUANTE COLGATE GARD SEM ALCOOL 250ml SINGLE,Farmácia Indiana,Success,31.59,Solução Bucal Periogard Extramint Colgate sem álcool Anti-placa 250ml,
7891024035504,SABONETE BARRAS PROTEX AVEIA 85g SIXPACK,Drogaria São Paulo,Success,15.45,Sabonete em Barra Protex Aveia + Prebiótico 6 unidades de 85g,
7891024035504,SABONETE BARRAS PROTEX AVEIA 85g SIXPACK,Drogarias Pacheco,Success,18.59,Sabonete em Barra Protex Aveia + Prebiótico 6 unidades de 85g,
7891024035504,SABONETE BARRAS PROTEX AVEIA 85g SIXPACK,Pague Menos,Success,15.49,Sabonete em Barra Protex Aveia + Prebiótico 85g 6 Unidades,
7891024035504,SABONETE BARRAS PROTEX AVEIA 85g SIXPACK,Drogal,Success,15.49,Sabonete em Barra Protex Aveia 85g Leve 6 Pague Menos,
7891024035504,SABONETE BARRAS PROTEX AVEIA 85g SIXPACK,Farmácias São João,Success,17.99,Kit Sabonete Protex Aveia 85g 6 Unidades,
7891024035504,SABONETE BARRAS PROTEX AVEIA 85g SIXPACK,Drogaria Venancio,Success,16.19,Sabonete Em Barra Protex Aveia 6 Unidades de 85g Cada,
7891024035504,SABONETE BARRAS PROTEX AVEIA 85g SIXPACK,Drogaria Catarinense,Success,19.2,Sabonete Em Barra Protex Aveia 85g 6 Unidades,
7891024035504,SABONETE BARRAS PROTEX AVEIA 85g SIXPACK,Farmácia Indiana,Success,17.69,Sabonete Barra Aveia Protex 6 x 85g,
7891024030820,CREME DENTAL COLGATE LUMINOUS WHITE BRILLIANT 70g SINGLE,Drogasil,Success,10.29,Creme Dental Colgate Luminous White Brilliant 70g,
7891024035511,SABONETE BARRAS PROTEX LIMPEZA PROFUNDA 85g SIXPACK,Drogaria São Paulo,Success,15.45,Sabonete em Barra Protex Limpeza Profunda 85g 6 unidades,
7891024026434,ESCOVA DENTAL COLGATE CLASSIC S/ VERSAO 3UND TRIPACK,Drogasil,Success,16.99,Escova Dental Colgate Classic Clean Leve 3 Pague 2,
7891024035511,SABONETE BARRAS PROTEX LIMPEZA PROFUNDA 85g SIXPACK,Drogarias Pacheco,Success,18.59,Sabonete em Barra Protex Limpeza Profunda 85g 6 unidades,
7891024030820,CREME DENTAL COLGATE LUMINOUS WHITE BRILLIANT 70g SINGLE,Droga Raia,Success,10.69,Creme Dental Colgate Luminous White Brilliant 70g,
7891024035511,SABONETE BARRAS PROTEX LIMPEZA PROFUNDA 85g SIXPACK,Pague Menos,Success,15.49,Kit Sabonete em Barra Protex Limpeza Profunda Original Antibacteriano 85g 6 Unidades,
7891024035511,SABONETE BARRAS PROTEX LIMPEZA PROFUNDA 85g SIXPACK,Drogal,Success,15.49,Sabonete em Barra Protex Limpeza Profunda 85g Leve 6 Pague Menos,
7891024035511,SABONETE BARRAS PROTEX LIMPEZA PROFUNDA 85g SIXPACK,Drogaria Venancio,Success,16.19,Sabonete em Barra Protex Limpeza Profunda 85g Promo 6un c/ Desconto,
7891024035511,SABONETE BARRAS PROTEX LIMPEZA PROFUNDA 85g SIXPACK,Drogaria Catarinense,Success,19.26,Sabonete Em Barra Protex Limpeza Profunda 85g 6 Unidades,
7891024035511,SABONETE BARRAS PROTEX LIMPEZA PROFUNDA 85g SIXPACK,Farmácia Indiana,Success,17.69,Sabonete Protex Limpeza Profunda Antibacteriano Leve 6 Pague 5 85g,
7891024035511,SABONETE BARRAS PROTEX LIMPEZA PROFUNDA 85g SIXPACK,Farmácias São João,Success,17.99,Kit Sabonete Protex Limpeza Profunda 85g 6 Unidades,
7891024035535,SABONETE BARRAS PROTEX MACADAMIA 85g SIXPACK,Drogaria São Paulo,Success,15.45,Kit Sabonete em Barra Protex Macadâmia 85g 6 Unidades,
7891024035504,SABONETE BARRAS PROTEX AVEIA 85g SIXPACK,Droga Raia,Success,17.99,Kit Sabonete em Barra Protex Aveia com 6 unidades de 85g cada,
7891024035535,SABONETE BARRAS PROTEX MACADAMIA 85g SIXPACK,Drogarias Pacheco,Success,18.59,Kit Sabonete em Barra Protex Macadâmia 85g 6 Unidades,
7891024035535,SABONETE BARRAS PROTEX MACADAMIA 85g SIXPACK,Pague Menos,Success,15.49,Kit Sabonete em Barra Protex Macadâmia Antibacteriano 85g 6 Unidades,
7891024035535,SABONETE BARRAS PROTEX MACADAMIA 85g SIXPACK,Drogal,Success,15.49,Sabonete em Barra Protex Nutri Protect Glicerina + Macadâmia 85g Leve 6 Pague Menos,
7891024035504,SABONETE BARRAS PROTEX AVEIA 85g SIXPACK,Drogasil,Success,17.99,Kit Sabonete em Barra Protex Aveia com 6 unidades de 85g cada,
7891024035535,SABONETE BARRAS PROTEX MACADAMIA 85g SIXPACK,Farmácias São João,Success,17.99,Sabonete em Barra Protex Nutri Protect Macadâmia + Glicerina 6 Unidades 85g Cada,
7891024035535,SABONETE BARRAS PROTEX MACADAMIA 85g SIXPACK,Drogaria Catarinense,Success,19.25,Sabonete Em Barra Protex Nutri Protect Macadâmia 85g 6 Unidades,
7891024035535,SABONETE BARRAS PROTEX MACADAMIA 85g SIXPACK,Drogaria Venancio,Success,16.19,Sabonete em Barra Protex Macadâmia 85g Promo 6un c/ Desconto,
7891024024003,ÍNTIMO PROTEX DELICATE CARE 200ml SINGLE,Droga Raia,Success,20.79,Sabonete Íntimo Líquido Protex Cuidado Íntimo Delicate Care 200ml,
7891024035535,SABONETE BARRAS PROTEX MACADAMIA 85g SIXPACK,Farmácia Indiana,Success,17.69,Sabonete Protex Nutri Protect Hidratante Macadâmia 85g Leve 6 Pague 5,
7891024035559,SABONETE BARRAS PROTEX BALANCE SAUDAVEL 85g SIXPACK,Drogaria São Paulo,Success,15.45,Sabonete em Barra Protex Balance Saudável 85g 6 unidades,
7891024035559,SABONETE BARRAS PROTEX BALANCE SAUDAVEL 85g SIXPACK,Drogarias Pacheco,Success,18.59,Sabonete em Barra Protex Balance Saudável 85g 6 unidades,
7891024035559,SABONETE BARRAS PROTEX BALANCE SAUDAVEL 85g SIXPACK,Pague Menos,Success,15.49,Kit Sabonete em Barra Protex Balance Saudável Antibacteriano 85g 6 Unidades,
7891024035559,SABONETE BARRAS PROTEX BALANCE SAUDAVEL 85g SIXPACK,Farmácias São João,Success,17.99,Kit Sabonete Protex Balance Saudável 85g 6 Unidades,
7891024035559,SABONETE BARRAS PROTEX BALANCE SAUDAVEL 85g SIXPACK,Drogal,Success,15.49,Sabonete em Barra Protex Balance Saudável 85g Leve 6 Pague Menos,
7891024035559,SABONETE BARRAS PROTEX BALANCE SAUDAVEL 85g SIXPACK,Drogaria Catarinense,Not Found,,,"Product found, but no price available."
7891024035559,SABONETE BARRAS PROTEX BALANCE SAUDAVEL 85g SIXPACK,Drogaria Venancio,Success,16.19,Sabonete Em Barra Protex Balance Saudável 6 Unidades de 85g Cada,
7891024035559,SABONETE BARRAS PROTEX BALANCE SAUDAVEL 85g SIXPACK,Farmácia Indiana,Success,17.69,Sabonete Protex Balance Saudável Antibacteriano Leve 6 Pague 5 85g,
7891024035511,SABONETE BARRAS PROTEX LIMPEZA PROFUNDA 85g SIXPACK,Droga Raia,Success,17.99,Kit Sabonete em Barra Protex Limpeza Profunda 6 unidades 85g cada,
7891024037973,CREME DENTAL COLGATE TRIPLA AÇÃO MENTA ORIGINAL 180g SINGLE,Drogaria São Paulo,Success,9.4,Pasta de Dente Colgate Tripla Ação Menta Original 180g,
7891024035535,SABONETE BARRAS PROTEX MACADAMIA 85g SIXPACK,Drogasil,Success,17.99,Kit Sabonete em Barra Protex Nutri Protect Macadâmia 6 unidades 85g cada Promo Leve Mais Pague Menos,
7891024037973,CREME DENTAL COLGATE TRIPLA AÇÃO MENTA ORIGINAL 180g SINGLE,Drogarias Pacheco,Success,8.81,Pasta de Dente Colgate Tripla Ação Menta Original 180g,
7891024037973,CREME DENTAL COLGATE TRIPLA AÇÃO MENTA ORIGINAL 180g SINGLE,Pague Menos,Success,9.49,Creme Dental Colgate Tripla Ação Sabor Menta Original 180g Leve 180g Pague 140g,
7891024037973,CREME DENTAL COLGATE TRIPLA AÇÃO MENTA ORIGINAL 180g SINGLE,Drogal,Success,9.79,Creme Dental Colgate Tripla Ação Sabor Menta Original Preço Especial 180g,
7891024037973,CREME DENTAL COLGATE TRIPLA AÇÃO MENTA ORIGINAL 180g SINGLE,Farmácias São João,Success,12.99,Creme Dental Colgate Tripla Ação 140g,
7891024037973,CREME DENTAL COLGATE TRIPLA AÇÃO MENTA ORIGINAL 180g SINGLE,Drogaria Catarinense,Success,10.31,Creme Dental Colgate Tripla Ação Menta Original 180g,
7891024037973,CREME DENTAL COLGATE TRIPLA AÇÃO MENTA ORIGINAL 180g SINGLE,Drogaria Venancio,Success,8.99,Creme Dental Colgate Tripla Ação 180g,
7891024037973,CREME DENTAL COLGATE TRIPLA AÇÃO MENTA ORIGINAL 180g SINGLE,Farmácia Indiana,Success,10.09,Creme Dental Colgate Tripla Ação Menta 180g,
7891024033425,ENXAGUANTE COLGATE GARD SEM ALCOOL 250ml SINGLE,Droga Raia,Not Found,,,"Product found, but no price available."
7891024042984,CREME DENTAL COLGATE SENSITIVE PRO ALÍVIO IMEDIATO IMEDIATO ORIGINAL 90g TRIPACK,Drogaria São Paulo,Success,26.45,Kit Pasta De Dente Colgate Sensitive Pro Alívio Imediato Original 3 unidades de 90g,
7891024042984,CREME DENTAL COLGATE SENSITIVE PRO ALÍVIO IMEDIATO IMEDIATO ORIGINAL 90g TRIPACK,Drogarias Pacheco,Success,26.45,Kit Pasta De Dente Colgate Sensitive Pro Alívio Imediato Original 3 unidades de 90g,
7891024042984,CREME DENTAL COLGATE SENSITIVE PRO ALÍVIO IMEDIATO IMEDIATO ORIGINAL 90g TRIPACK,Pague Menos,Success,26.99,Kit Creme Dental Colgate Sensitive Pro Alívio Imediato Original 90g 3 Unidades,
7891024042984,CREME DENTAL COLGATE SENSITIVE PRO ALÍVIO IMEDIATO IMEDIATO ORIGINAL 90g TRIPACK,Farmácias São João,Not Found,,,"Product found, but no price available."
7891024035535,SABONETE BARRAS PROTEX MACADAMIA 85g SIXPACK,Droga Raia,Success,17.99,Kit Sabonete em Barra Protex Nutri Protect Macadâmia 6 unidades 85g cada Promo Leve Mais Pague Menos,
7891024035511,SABONETE BARRAS PROTEX LIMPEZA PROFUNDA 85g SIXPACK,Drogasil,Success,17.99,Kit Sabonete em Barra Protex Limpeza Profunda 6 unidades 85g cada,
7891024042984,CREME DENTAL COLGATE SENSITIVE PRO ALÍVIO IMEDIATO IMEDIATO ORIGINAL 90g TRIPACK,Drogal,Success,27.89,Kit Creme Dental Para Sensibilidade Colgate Sensitive Pro Alívio Imediato Original 3 Unidades 90g Cada,
7891024035559,SABONETE BARRAS PROTEX BALANCE SAUDAVEL 85g SIXPACK,Drogasil,Success,17.99,Kit Sabonete em Barra Protex Balance Saudável com 6 unidades de 85g cada,
7891024042984,CREME DENTAL COLGATE SENSITIVE PRO ALÍVIO IMEDIATO IMEDIATO ORIGINAL 90g TRIPACK,Drogaria Catarinense,Success,37.5,Creme Dental Colgate Sensitive Pro Alivio Imediato Original 90g 3  Unidades,
7891024042984,CREME DENTAL COLGATE SENSITIVE PRO ALÍVIO IMEDIATO IMEDIATO ORIGINAL 90g TRIPACK,Drogaria Venancio,Success,27.49,Creme Dental Colgate Sensitive Pro Alívio imediato 90g 3 unidades,
7891024042984,CREME DENTAL COLGATE SENSITIVE PRO ALÍVIO IMEDIATO IMEDIATO ORIGINAL 90g TRIPACK,Farmácia Indiana,Success,32.39,Creme Dental Sensitive Pro Alívio Colgate 3 x 90g,
7891024114674,SABONETE LÍQUIDO PROTEX LIMPEZA PROFUNDA 250g SINGLE,Drogaria São Paulo,Success,17.99,Sabonete Protex Limpeza Profunda Líquido 250ml,
7891024114674,SABONETE LÍQUIDO PROTEX LIMPEZA PROFUNDA 250g SINGLE,Drogarias Pacheco,Success,14.59,Sabonete Protex Limpeza Profunda Líquido 250ml,
7891024037973,CREME DENTAL COLGATE TRIPLA AÇÃO MENTA ORIGINAL 180g SINGLE,Droga Raia,Success,9.59,Creme Dental Colgate Tripla Ação Anticárie Menta Original 180g,
7891024114674,SABONETE LÍQUIDO PROTEX LIMPEZA PROFUNDA 250g SINGLE,Farmácias São João,Success,16.99,Sabonete Líquido Protex Limpeza Profunda 250ml,
7891024114674,SABONETE LÍQUIDO PROTEX LIMPEZA PROFUNDA 250g SINGLE,Pague Menos,Success,12.49,Sabonete Líquido Protex Limpeza Profunda Antibacteriano 250ml,
7891024114674,SABONETE LÍQUIDO PROTEX LIMPEZA PROFUNDA 250g SINGLE,Drogal,Success,14.95,Sabonete Líquido Protex Limpeza Profunda Original 250ml,
7891024114674,SABONETE LÍQUIDO PROTEX LIMPEZA PROFUNDA 250g SINGLE,Drogaria Venancio,Success,11.99,Sabonete Líquido Corporal Protex Limpeza Profunda 250ml,
7891024114674,SABONETE LÍQUIDO PROTEX LIMPEZA PROFUNDA 250g SINGLE,Drogaria Catarinense,Success,15.11,Sabonete Líquido Protex Limpeza Profunda 250ml,
7891024114674,SABONETE LÍQUIDO PROTEX LIMPEZA PROFUNDA 250g SINGLE,Farmácia Indiana,Success,15.99,Sabonete Líquido Protex Limpeza Profunda Antibacteriano 250ml,
7891024035559,SABONETE BARRAS PROTEX BALANCE SAUDAVEL 85g SIXPACK,Droga Raia,Success,17.99,Kit Sabonete em Barra Protex Balance Saudável com 6 unidades de 85g cada,
7891024114865,SABONETE LÍQUIDO PROTEX VITAMINA E 250g SINGLE,Drogaria São Paulo,Success,17.99,Sabonete Líquido Antibacteriano para Corpo Protex Nutri Protect Vitamina E 250ml,
7891024114865,SABONETE LÍQUIDO PROTEX VITAMINA E 250g SINGLE,Drogarias Pacheco,Success,14.59,Sabonete Líquido Antibacteriano para Corpo Protex Nutri Protect Vitamina E 250ml,
7891024114865,SABONETE LÍQUIDO PROTEX VITAMINA E 250g SINGLE,Farmácias São João,Success,16.99,Sabonete Líquido Protex Vitamina E 250ml,
7891024114865,SABONETE LÍQUIDO PROTEX VITAMINA E 250g SINGLE,Pague Menos,Success,12.49,Sabonete Líquido Protex Nutri Protect Vitamina E Antibacteriano 250ml,
7891024037973,CREME DENTAL COLGATE TRIPLA AÇÃO MENTA ORIGINAL 180g SINGLE,Drogasil,Success,9.59,Creme Dental Colgate Tripla Ação Anticárie Menta Original 180g,
7891024114865,SABONETE LÍQUIDO PROTEX VITAMINA E 250g SINGLE,Drogal,Success,14.95,Sabonete Líquido Antibacteriano para Corpo Protex Nutri Protect Vitamina E 250ml,
7891024114865,SABONETE LÍQUIDO PROTEX VITAMINA E 250g SINGLE,Drogaria Venancio,Success,11.99,Sabonete Líquido Corporal Protex Vitamina E 250ml,
7891024042984,CREME DENTAL COLGATE SENSITIVE PRO ALÍVIO IMEDIATO IMEDIATO ORIGINAL 90g TRIPACK,Droga Raia,Success,26.99,Creme Dental Colgate Sensitive Pro Alívio Imediato Original 90g 3 unidades,
7891024114865,SABONETE LÍQUIDO PROTEX VITAMINA E 250g SINGLE,Drogaria Catarinense,Success,13.91,Sabonete Líquido Protex Nutri Protect Vitamina E 250ml,
7891024114865,SABONETE LÍQUIDO PROTEX VITAMINA E 250g SINGLE,Farmácia Indiana,Success,15.99,Sabonete Líquido Protex Vitamina E Refil 250ml,
7891024042984,CREME DENTAL COLGATE SENSITIVE PRO ALÍVIO IMEDIATO IMEDIATO ORIGINAL 90g TRIPACK,Drogasil,Success,26.99,Creme Dental Colgate Sensitive Pro Alívio Imediato Original 90g 3 unidades,
7891024033425,ENXAGUANTE COLGATE GARD SEM ALCOOL 250ml SINGLE,Drogasil,Not Found,,,"Product found, but no price available."
7891024122556,CREME DENTAL COLGATE LUMINOUS WHITE S/ VERSAO 70g FOURPACK,Drogarias Pacheco,Success,28.59,Kit Colgate Luminous White Brilliant Pasta de Dente Mint 70g + Enxaguante Bucal 250ml,
7891024122556,CREME DENTAL COLGATE LUMINOUS WHITE S/ VERSAO 70g FOURPACK,Pague Menos,Success,25.99,Kit Colgate Creme Dental Clareador Luminous White Sabor Brilliant Mint 70g 3 Uni + Enxaguante Bucal Clareador 250ml 1 Uni,
7891024122556,CREME DENTAL COLGATE LUMINOUS WHITE S/ VERSAO 70g FOURPACK,Farmácias São João,Success,36.99,Kit Creme Dental Colgate Luminous White 3 Unidades + Enxaguante Bucal,
7891024114674,SABONETE LÍQUIDO PROTEX LIMPEZA PROFUNDA 250g SINGLE,Drogasil,Success,12.99,Sabonete Líquido Corporal Protex Limpeza Profunda com 250ml,
7891024122556,CREME DENTAL COLGATE LUMINOUS WHITE S/ VERSAO 70g FOURPACK,Drogal,Success,23.99,Kit Creme Dental Clareador Colgate Luminous White Brilliant Mint 3 Unidades 70g + Enxaguante Bucal Clareador Colgate Luminous White 250ml,
7891024122556,CREME DENTAL COLGATE LUMINOUS WHITE S/ VERSAO 70g FOURPACK,Drogaria Venancio,Success,32.11,Creme Dental para Clareamento Colgate Luminous White Brilliant Mint 70g 3 Unidades Grátis 1 Enxaguante Bucal,
7891024122556,CREME DENTAL COLGATE LUMINOUS WHITE S/ VERSAO 70g FOURPACK,Drogaria São Paulo,Success,28.59,Kit Colgate Luminous White Brilliant Pasta de Dente Mint 70g + Enxaguante Bucal 250ml,
7891024122556,CREME DENTAL COLGATE LUMINOUS WHITE S/ VERSAO 70g FOURPACK,Drogaria Catarinense,Success,31.9,Creme Dental Colgate Luminous White 3x70g + Enxaguante Bucal 250ml,
7891024122556,CREME DENTAL COLGATE LUMINOUS WHITE S/ VERSAO 70g FOURPACK,Farmácia Indiana,Success,27.89,Kit Creme Dental Colgate Luminous White Brilliant Mint Clareador 3x70g + Enxaguante 250ml,
7891024132005,CREME DENTAL COLGATE TRIPLA AÇÃO MENTA ORIGINAL 90g SINGLE,Drogaria São Paulo,Success,6.1,Pasta de Dente Colgate Tripla Ação Menta Original 90g,
7891024132005,CREME DENTAL COLGATE TRIPLA AÇÃO MENTA ORIGINAL 90g SINGLE,Drogarias Pacheco,Success,5.58,Pasta de Dente Colgate Tripla Ação Menta Original 90g,
7891024132005,CREME DENTAL COLGATE TRIPLA AÇÃO MENTA ORIGINAL 90g SINGLE,Pague Menos,Success,10.32,Creme Dental Colgate Tripla Ação Menta Máxima Proteção 90g,
7891024132005,CREME DENTAL COLGATE TRIPLA AÇÃO MENTA ORIGINAL 90g SINGLE,Farmácias São João,Success,7.99,Creme Dental Colgate Tripla Ação Menta Original 90g,
7891024132005,CREME DENTAL COLGATE TRIPLA AÇÃO MENTA ORIGINAL 90g SINGLE,Drogal,Success,6.39,Creme Dental Colgate Tripla Ação Menta Original 90g,
7891024132005,CREME DENTAL COLGATE TRIPLA AÇÃO MENTA ORIGINAL 90g SINGLE,Drogaria Venancio,Success,5.69,Creme Dental Colgate Tripla Ação Menta Original 90g,
7891024132005,CREME DENTAL COLGATE TRIPLA AÇÃO MENTA ORIGINAL 90g SINGLE,Drogaria Catarinense,Success,6.99,Creme Dental Colgate Tripla Ação Menta Original 90g,
7891024132005,CREME DENTAL COLGATE TRIPLA AÇÃO MENTA ORIGINAL 90g SINGLE,Farmácia Indiana,Success,8.99,Creme Dental Tripla Ação Colgate 90g,
7891024132906,CREME DENTAL COLGATE MPA MENTA REFRESCANTE 50g SINGLE,Drogaria São Paulo,Not Found,,,"Product found, but no price available."
7891024114865,SABONETE LÍQUIDO PROTEX VITAMINA E 250g SINGLE,Droga Raia,Success,13.39,Sabonete Líquido Corporal Protex Vitamina E 250ml,
7891024132906,CREME DENTAL COLGATE MPA MENTA REFRESCANTE 50g SINGLE,Drogarias Pacheco,Not Found,,,"Product found, but no price available."
7891024132906,CREME DENTAL COLGATE MPA MENTA REFRESCANTE 50g SINGLE,Pague Menos,Not Found,,,"Product found, but no price available."
7891024132906,CREME DENTAL COLGATE MPA MENTA REFRESCANTE 50g SINGLE,Drogal,Success,3.29,Creme Dental Colgate Máxima Proteção Anticáries 50g,
7891024132906,CREME DENTAL COLGATE MPA MENTA REFRESCANTE 50g SINGLE,Farmácias São João,Success,4.99,Creme Dental Colgate Máxima Proteção Anticáries Menta 50g,
7891024132906,CREME DENTAL COLGATE MPA MENTA REFRESCANTE 50g SINGLE,Drogaria Catarinense,Not Found,,,"Product found, but no price available."
7891024132906,CREME DENTAL COLGATE MPA MENTA REFRESCANTE 50g SINGLE,Drogaria Venancio,Success,3.49,Creme Dental Colgate Máxima Proteção Anticáries 50g,
7891024122556,CREME DENTAL COLGATE LUMINOUS WHITE S/ VERSAO 70g FOURPACK,Drogasil,Success,28.59,Kit Colgate Luminous White Brilliant Creme Dental 70g 3 unidades + Enxaguante Bucal 250ml,
7891024132906,CREME DENTAL COLGATE MPA MENTA REFRESCANTE 50g SINGLE,Farmácia Indiana,Success,3.69,Creme Dental Colgate Máxima Proteção Anticáries 50g,
7891024122556,CREME DENTAL COLGATE LUMINOUS WHITE S/ VERSAO 70g FOURPACK,Droga Raia,Success,28.99,Kit Colgate Luminous White Brilliant Creme Dental 70g 3 unidades + Enxaguante Bucal 250ml,
7891024114865,SABONETE LÍQUIDO PROTEX VITAMINA E 250g SINGLE,Drogasil,Success,13.39,Sabonete Líquido Corporal Protex Vitamina E 250ml,
7891024135020,CREME DENTAL COLGATE TOTAL WHITENING 90g SINGLE,Drogaria São Paulo,Success,12.59,Creme Dental Colgate Total 12 Whitening 90g,
7891024135020,CREME DENTAL COLGATE TOTAL WHITENING 90g SINGLE,Pague Menos,Success,10.32,Creme Dental Colgate Total 12 Whitening 90g,
7891024135020,CREME DENTAL COLGATE TOTAL WHITENING 90g SINGLE,Drogarias Pacheco,Success,11.19,Creme Dental Colgate Total 12 Whitening 90g,
7891024135020,CREME DENTAL COLGATE TOTAL WHITENING 90g SINGLE,Farmácias São João,Success,9.99,Creme Dental Colgate Total 12 Whitening 90g,
7891024135020,CREME DENTAL COLGATE TOTAL WHITENING 90g SINGLE,Drogal,Not Found,,,"Product found, but no price available."
7891024135020,CREME DENTAL COLGATE TOTAL WHITENING 90g SINGLE,Drogaria Venancio,Success,11.19,Creme Dental Colgate Total Whitening com Flúor 90g,
7891024114674,SABONETE LÍQUIDO PROTEX LIMPEZA PROFUNDA 250g SINGLE,Droga Raia,Success,13.39,Sabonete Líquido Corporal Protex Limpeza Profunda com 250ml,
7891024135020,CREME DENTAL COLGATE TOTAL WHITENING 90g SINGLE,Farmácia Indiana,Success,12.49,Creme Dental Colgate Total 12 Whitening 90g,
7891024135020,CREME DENTAL COLGATE TOTAL WHITENING 90g SINGLE,Drogaria Catarinense,Not Found,,,"Product found, but no price available."
7891024179925,ENXAGUANTE COLGATE GARD GENGIVA SAUDAVEL 250ml SINGLE,Drogaria São Paulo,Success,29.59,Enxaguante Bucal Colgate PerioGard Menta Original Sem Álcool 250ml,
7891024179925,ENXAGUANTE COLGATE GARD GENGIVA SAUDAVEL 250ml SINGLE,Drogarias Pacheco,Success,32.59,Enxaguante Bucal Colgate PerioGard Menta Original Sem Álcool 250ml,
7891024179925,ENXAGUANTE COLGATE GARD GENGIVA SAUDAVEL 250ml SINGLE,Pague Menos,Success,35.99,Enxaguante Bucal Colgate Periogard Sem Álcool Sabor Menta Original 250ml,
7891024179925,ENXAGUANTE COLGATE GARD GENGIVA SAUDAVEL 250ml SINGLE,Farmácias São João,Success,37.99,Enxaguante Bucal Colgate PerioGard Menta Original Sem Álcool 250ml,
7891024132005,CREME DENTAL COLGATE TRIPLA AÇÃO MENTA ORIGINAL 90g SINGLE,Droga Raia,Success,6.29,Creme Dental Colgate Tripla Ação Anticárie Menta Original 90g,
7891024179925,ENXAGUANTE COLGATE GARD GENGIVA SAUDAVEL 250ml SINGLE,Drogaria Venancio,Success,43.99,Solução Bucal Colgate PerioGard Sem Álcool 250ml,
7891024179925,ENXAGUANTE COLGATE GARD GENGIVA SAUDAVEL 250ml SINGLE,Drogaria Catarinense,Success,40.5,Enxaguante Bucal Colgate Periogard Gengiva Saudável Menta Original 250ml,
7891024179925,ENXAGUANTE COLGATE GARD GENGIVA SAUDAVEL 250ml SINGLE,Farmácia Indiana,Success,31.59,Solução Bucal Periogard Sem Álcool Menta Colgate 250ml,
7891024179925,ENXAGUANTE COLGATE GARD GENGIVA SAUDAVEL 250ml SINGLE,Drogal,Success,31.85,Enxaguante Bucal Colgate PerioGard Sem Álcool Sabor Menta Original 250ml,
7891528038704,CREME DENTAL PREVENT S/ VERSAO 90g SINGLE,Drogaria São Paulo,Success,20.39,Pasta de Dente Prevent Antiplaca 90g,
7891024132906,CREME DENTAL COLGATE MPA MENTA REFRESCANTE 50g SINGLE,Drogasil,Success,3.79,Creme Dental Colgate Máxima Proteção Anticáries Menta 50g,
7891528038704,CREME DENTAL PREVENT S/ VERSAO 90g SINGLE,Drogarias Pacheco,Success,18.79,Pasta de Dente Prevent Antiplaca 90g,
7891528038704,CREME DENTAL PREVENT S/ VERSAO 90g SINGLE,Pague Menos,Success,21.99,Creme Dental Prevent Antiplaca com Flúor 90g,
7891528038704,CREME DENTAL PREVENT S/ VERSAO 90g SINGLE,Farmácias São João,Success,26.99,Creme Dental Prevent Anti-Placa 90g,
7891528038704,CREME DENTAL PREVENT S/ VERSAO 90g SINGLE,Drogal,Success,21.15,Creme Dental Prevent Antiplaca 90g,
7891528038704,CREME DENTAL PREVENT S/ VERSAO 90g SINGLE,Drogaria Venancio,Success,18.79,Creme Dental Prevent Antiplaca 90g,
7891528038704,CREME DENTAL PREVENT S/ VERSAO 90g SINGLE,Drogaria Catarinense,Success,24.89,Creme Dental Prevent Antiplaca 90g,
7891528038704,CREME DENTAL PREVENT S/ VERSAO 90g SINGLE,Farmácia Indiana,Success,21.99,Creme Dental Antiplaca Adulto Prevent 90g,
7891024132005,CREME DENTAL COLGATE TRIPLA AÇÃO MENTA ORIGINAL 90g SINGLE,Drogasil,Success,6.1,Creme Dental Colgate Tripla Ação Anticárie Menta Original 90g,
7891024135020,CREME DENTAL COLGATE TOTAL WHITENING 90g SINGLE,Droga Raia,Not Found,,,"Product found, but no price available."
7891528038827,CREME DENTAL COLGATE TANDY TUTTI FRUTTI 50g SINGLE,Drogaria São Paulo,Success,9.99,Pasta de Dente Gel Colgate Tandy Tutti Frutti 50g,
7891024135020,CREME DENTAL COLGATE TOTAL WHITENING 90g SINGLE,Drogasil,Not Found,,,"Product found, but no price available."
7891528038827,CREME DENTAL COLGATE TANDY TUTTI FRUTTI 50g SINGLE,Pague Menos,Not Found,,,"Product found, but no price available."
7891024132906,CREME DENTAL COLGATE MPA MENTA REFRESCANTE 50g SINGLE,Droga Raia,Success,3.79,Creme Dental Colgate Máxima Proteção Anticáries Menta 50g,
7891528038827,CREME DENTAL COLGATE TANDY TUTTI FRUTTI 50g SINGLE,Farmácias São João,Success,11.99,Creme Dental Tandy Tutti-Frutti 50g,
7891528038827,CREME DENTAL COLGATE TANDY TUTTI FRUTTI 50g SINGLE,Drogal,Success,9.35,Gel Dental Infantil Colgate Tandy Tutti-Frutti 50g,
7891528038827,CREME DENTAL COLGATE TANDY TUTTI FRUTTI 50g SINGLE,Drogarias Pacheco,Success,7.76,Pasta de Dente Gel Colgate Tandy Tutti Frutti 50g,
7891528038827,CREME DENTAL COLGATE TANDY TUTTI FRUTTI 50g SINGLE,Drogaria Venancio,Success,7.99,Creme Dental Infantil Colgate Tandy Tutti Frutti 50g,
7891024179925,ENXAGUANTE COLGATE GARD GENGIVA SAUDAVEL 250ml SINGLE,Droga Raia,Success,32.99,Enxaguante Bucal Antisséptico Colgate PerioGard Menta Sem Álcool 250ml,
7891528038827,CREME DENTAL COLGATE TANDY TUTTI FRUTTI 50g SINGLE,Drogaria Catarinense,Not Found,,,"Product found, but no price available."
7891528038827,CREME DENTAL COLGATE TANDY TUTTI FRUTTI 50g SINGLE,Farmácia Indiana,Success,8.79,Creme Dental Infantil Tutti Frutty Anti-cárie Bisnaga Tandy 50g,
8710103967408,ESCOVA DENTAL COLGATE COLGATE PHILIPS SERIES 50 3UND TRIPACK,Pague Menos,Success,599.99,Escova de Dente Elétrica Philips Colgate SonicPro 50,
8710103967408,ESCOVA DENTAL COLGATE COLGATE PHILIPS SERIES 50 3UND TRIPACK,Drogaria São Paulo,Success,762.59,Escova de Dente Elétrica Philips Colgate SonicPro 50 1 Unidade,
8710103967408,ESCOVA DENTAL COLGATE COLGATE PHILIPS SERIES 50 3UND TRIPACK,Drogarias Pacheco,Success,843.99,Escova de Dente Elétrica Philips Colgate SonicPro 50 1 Unidade,
7891024179925,ENXAGUANTE COLGATE GARD GENGIVA SAUDAVEL 250ml SINGLE,Drogasil,Not Found,,,"Product found, but no price available."
8710103967408,ESCOVA DENTAL COLGATE COLGATE PHILIPS SERIES 50 3UND TRIPACK,Drogal,Success,457.29,Escova Dental Elétrica Philips Colgate SonicPro 50 1 Unidade,
8710103967408,ESCOVA DENTAL COLGATE COLGATE PHILIPS SERIES 50 3UND TRIPACK,Drogaria Venancio,Success,506.27,Escova Dental Elétrica Colgate Philips Series 50 Black 1 Unidade,
8710103967408,ESCOVA DENTAL COLGATE COLGATE PHILIPS SERIES 50 3UND TRIPACK,Drogaria Catarinense,Not Found,,,"Product found, but no price available."
8710103967408,ESCOVA DENTAL COLGATE COLGATE PHILIPS SERIES 50 3UND TRIPACK,Farmácias São João,Not Found,,,"Product found, but no price available."
8710103967408,ESCOVA DENTAL COLGATE COLGATE PHILIPS SERIES 50 3UND TRIPACK,Farmácia Indiana,Success,457.99,Escova de Dente Elétrica Colgate Sonic Pro 50 1 unidade,
8710103967460,ESCOVA DENTAL COLGATE COLGATE PHILIPS LP PROFUNDA S50 2UND BIPACK - REFIL,Drogarias Pacheco,Success,150.99,Refil para Escova de dente Elétrica Philips Colgate Limpeza Profunda 2 Unidades,
8710103967460,ESCOVA DENTAL COLGATE COLGATE PHILIPS LP PROFUNDA S50 2UND BIPACK - REFIL,Drogaria São Paulo,Success,126.99,Refil para Escova de dente Elétrica Philips Colgate Limpeza Profunda 2 Unidades,
8710103967460,ESCOVA DENTAL COLGATE COLGATE PHILIPS LP PROFUNDA S50 2UND BIPACK - REFIL,Pague Menos,Success,114.99,Refil para Escova Dental Elétrica Philips Colgate Limpeza Profunda 2 Unidades,
7891528038704,CREME DENTAL PREVENT S/ VERSAO 90g SINGLE,Droga Raia,Success,20.49,Creme Dental Prevent Antiplaca com Flúor 90g,
8710103967460,ESCOVA DENTAL COLGATE COLGATE PHILIPS LP PROFUNDA S50 2UND BIPACK - REFIL,Drogal,Success,71.09,Refil para Escova Dental Elétrica Philips Colgate Limpeza Profunda 2 Unidades,
8710103967460,ESCOVA DENTAL COLGATE COLGATE PHILIPS LP PROFUNDA S50 2UND BIPACK - REFIL,Drogaria Venancio,Success,70.63,Refil Para Escova Elétrica Colgate S50 Deepcl 2 Unidades,
8710103967460,ESCOVA DENTAL COLGATE COLGATE PHILIPS LP PROFUNDA S50 2UND BIPACK - REFIL,Drogaria Catarinense,Not Found,,,"Product found, but no price available."
8710103967460,ESCOVA DENTAL COLGATE COLGATE PHILIPS LP PROFUNDA S50 2UND BIPACK - REFIL,Farmácia Indiana,Success,130.99,Refil Escova Dental Elétrica Colgate SonicPro Limpeza Profunda 2 Unidades,
7891528038827,CREME DENTAL COLGATE TANDY TUTTI FRUTTI 50g SINGLE,Droga Raia,Success,8.99,Gel Dental Infantil Colgate Tandy Tutti Frutti com Flúor com 50g,
8710103967408,ESCOVA DENTAL COLGATE COLGATE PHILIPS SERIES 50 3UND TRIPACK,Droga Raia,Success,579.99,Escova de Dente Elétrica Philips Colgate SonicPro 50 + 2 Refis + 1 Estojo,
8710103985365,ESCOVA DENTAL COLGATE COLGATE PHILIPS SERIES 10 1UND SINGLE,Drogaria São Paulo,Success,185.11,Escova de Dente Elétrica Philips Colgate Sonicpro 10 1 Unidade Recarregável e Bivolt,
8710103985365,ESCOVA DENTAL COLGATE COLGATE PHILIPS SERIES 10 1UND SINGLE,Drogarias Pacheco,Success,185.11,Escova de Dente Elétrica Philips Colgate Sonicpro 10 1 Unidade Recarregável e Bivolt,
8710103985365,ESCOVA DENTAL COLGATE COLGATE PHILIPS SERIES 10 1UND SINGLE,Pague Menos,Success,284.99,Escova Dental Elétrica Philips + Colgate SonicPro 10 Bivolt 1 Unidade,
8710103967408,ESCOVA DENTAL COLGATE COLGATE PHILIPS SERIES 50 3UND TRIPACK,Drogasil,Success,579.99,Escova de Dente Elétrica Philips Colgate SonicPro 50 + 2 Refis + 1 Estojo,
8710103985365,ESCOVA DENTAL COLGATE COLGATE PHILIPS SERIES 10 1UND SINGLE,Drogal,Success,185.09,Escova Dental Elétrica Philips Colgate SonicPro 10,
8710103985365,ESCOVA DENTAL COLGATE COLGATE PHILIPS SERIES 10 1UND SINGLE,Farmácias São João,Success,184.99,Escova Dental Elétrica Colgate Philips SonicPro 10,
8710103985365,ESCOVA DENTAL COLGATE COLGATE PHILIPS SERIES 10 1UND SINGLE,Drogaria Catarinense,Not Found,,,"Product found, but no price available."
7891528038827,CREME DENTAL COLGATE TANDY TUTTI FRUTTI 50g SINGLE,Drogasil,Success,8.99,Gel Dental Infantil Colgate Tandy Tutti Frutti com Flúor com 50g,
8710103985365,ESCOVA DENTAL COLGATE COLGATE PHILIPS SERIES 10 1UND SINGLE,Farmácia Indiana,Success,272.99,Escova Dental Elétrica SonicPro 10 Cerdas Macias Adulto Colgate 1 Unidade,
8710103985365,ESCOVA DENTAL COLGATE COLGATE PHILIPS SERIES 10 1UND SINGLE,Drogaria Venancio,Success,204.93,Escova Dental Elétrica Colgate Philips Series 10 Single 1 Unidade,
8718951193611,ENXAGUANTE ELMEX ELMEX ANTICÁRIES ANTICARIES 400ml SINGLE,Drogaria São Paulo,Success,46.59,Enxaguante Bucal Elmex Anticaries 400ml,
8718951193611,ENXAGUANTE ELMEX ELMEX ANTICÁRIES ANTICARIES 400ml SINGLE,Drogarias Pacheco,Success,51.59,Enxaguante Bucal Elmex Anticaries 400ml,
8718951193611,ENXAGUANTE ELMEX ELMEX ANTICÁRIES ANTICARIES 400ml SINGLE,Pague Menos,Success,41.99,Enxaguante Bucal Elmex Anticáries Zero Álcool Sem Corantes Sabor Suave 400ml,
8710103967460,ESCOVA DENTAL COLGATE COLGATE PHILIPS LP PROFUNDA S50 2UND BIPACK - REFIL,Droga Raia,Success,118.49,Refil para Escova de Dente Elétrica Philips Colgate SonicPro Limpeza Profunda com 2 unidades,
8718951193611,ENXAGUANTE ELMEX ELMEX ANTICÁRIES ANTICARIES 400ml SINGLE,Farmácias São João,Success,44.99,Enxaguante Bucal Elmex Anticáries 400ml,
8718951193611,ENXAGUANTE ELMEX ELMEX ANTICÁRIES ANTICARIES 400ml SINGLE,Drogal,Success,43.19,Enxaguante Bucal Elmex Anticáries 400ml,
8718951193611,ENXAGUANTE ELMEX ELMEX ANTICÁRIES ANTICARIES 400ml SINGLE,Drogaria Venancio,Success,37.79,Enxaguante Bucal Elmex 400ml,
8718951193611,ENXAGUANTE ELMEX ELMEX ANTICÁRIES ANTICARIES 400ml SINGLE,Drogaria Catarinense,Success,42.59,Enxaguante Bucal Elmex Anticaries 400ml,
8718951193611,ENXAGUANTE ELMEX ELMEX ANTICÁRIES ANTICARIES 400ml SINGLE,Farmácia Indiana,Success,47.99,Enxaguante Antisséptico Bucal Anticáries Sem Álcool Elmex 400ml,
8718951193642,ENXAGUANTE ELMEX ELMEX SENSITIVE SENSITIVE 400ml SINGLE,Drogaria São Paulo,Success,46.59,Enxaguante Bucal Elmex Sensitive 400ml,
8718951193642,ENXAGUANTE ELMEX ELMEX SENSITIVE SENSITIVE 400ml SINGLE,Drogarias Pacheco,Success,37.79,Enxaguante Bucal Elmex Sensitive 400ml,
8718951193642,ENXAGUANTE ELMEX ELMEX SENSITIVE SENSITIVE 400ml SINGLE,Pague Menos,Success,41.99,Enxaguante Bucal Elmex Sensitive para Dentes Sensíveis Sabor Menta 400ml,
8710103967460,ESCOVA DENTAL COLGATE COLGATE PHILIPS LP PROFUNDA S50 2UND BIPACK - REFIL,Farmácias São João,Success,74.99,Refil para Escova de Dente Elétrica Philips Colgate SonicPro Branqueadora 2 Unidades,
8718951193642,ENXAGUANTE ELMEX ELMEX SENSITIVE SENSITIVE 400ml SINGLE,Drogal,Success,43.19,Enxaguante Bucal Elmex Sensitive 400ml,
8718951193642,ENXAGUANTE ELMEX ELMEX SENSITIVE SENSITIVE 400ml SINGLE,Farmácias São João,Success,44.99,Enxaguante Bucal Elmex Sensitive 400ml,
8718951193642,ENXAGUANTE ELMEX ELMEX SENSITIVE SENSITIVE 400ml SINGLE,Drogaria Venancio,Success,37.79,Enxaguante Bucal Elmex Sensitive 400ml,
8718951193642,ENXAGUANTE ELMEX ELMEX SENSITIVE SENSITIVE 400ml SINGLE,Drogaria Catarinense,Success,42.59,Enxaguante Bucal Elmex Sensitive 400ml,
8718951193642,ENXAGUANTE ELMEX ELMEX SENSITIVE SENSITIVE 400ml SINGLE,Farmácia Indiana,Success,47.99,Enxaguante Antisséptico Bucal Sensitive Elmex 400ml,
8710103985365,ESCOVA DENTAL COLGATE COLGATE PHILIPS SERIES 10 1UND SINGLE,Drogasil,Success,214.99,Escova de Dente Elétrica Philips Colgate SonicPro 10 1 unidade,
8710103985365,ESCOVA DENTAL COLGATE COLGATE PHILIPS SERIES 10 1UND SINGLE,Droga Raia,Success,214.99,Escova de Dente Elétrica Philips Colgate SonicPro 10 1 unidade,
8718951213524,CREME DENTAL ELMEX ELMEX SENSITIVE SENSITIVE PROFESSIONAL 110g SINGLE,Drogarias Pacheco,Success,26.99,Pasta de Dente Elmex Sensitive Professional Dentes Sensíveis 110g,
8718951193611,ENXAGUANTE ELMEX ELMEX ANTICÁRIES ANTICARIES 400ml SINGLE,Droga Raia,Success,43.19,Enxaguante Bucal Elmex Anticáries 400ml,
8718951213524,CREME DENTAL ELMEX ELMEX SENSITIVE SENSITIVE PROFESSIONAL 110g SINGLE,Pague Menos,Success,34.99,Creme Dental Para Dentes Sensíveis elmex Sensitive 110g,
8718951213524,CREME DENTAL ELMEX ELMEX SENSITIVE SENSITIVE PROFESSIONAL 110g SINGLE,Drogal,Success,29.49,Creme Dental Para Sensibilidade Elmex Sensitive Professional 110g,
8718951213524,CREME DENTAL ELMEX ELMEX SENSITIVE SENSITIVE PROFESSIONAL 110g SINGLE,Farmácias São João,Success,32.99,Creme Dental Elmex Sensitive 110g,
8718951213524,CREME DENTAL ELMEX ELMEX SENSITIVE SENSITIVE PROFESSIONAL 110g SINGLE,Drogaria Venancio,Success,26.99,Creme Dental Elmex Sensitive 110g,
8718951213524,CREME DENTAL ELMEX ELMEX SENSITIVE SENSITIVE PROFESSIONAL 110g SINGLE,Drogaria Catarinense,Success,31.99,Creme Dental Elmex Sensitive Professional 110g,
8718951213524,CREME DENTAL ELMEX ELMEX SENSITIVE SENSITIVE PROFESSIONAL 110g SINGLE,Farmácia Indiana,Success,29.69,Creme Dental Elmex Sensitive Sensibilidade 110g,
8718951213524,CREME DENTAL ELMEX ELMEX SENSITIVE SENSITIVE PROFESSIONAL 110g SINGLE,Drogaria São Paulo,Success,29.09,Pasta de Dente Elmex Sensitive Professional Dentes Sensíveis 110g,
8718951213524,CREME DENTAL ELMEX ELMEX SENSITIVE SENSITIVE PROFESSIONAL 110g SINGLE,Droga Raia,Not Found,,,"Product found, but no price available."
8718951456440,CREME DENTAL ELMEX ELMEX SENSITIVE WHITENING 110g SINGLE,Drogaria São Paulo,Success,29.09,Pasta de Dente Elmex Sensitive Professional Whitening Dentes Sensíveis 110g,
8718951456440,CREME DENTAL ELMEX ELMEX SENSITIVE WHITENING 110g SINGLE,Pague Menos,Success,34.99,Creme Dental Elmex Sensitive Professional Whitening 110g,
8718951456440,CREME DENTAL ELMEX ELMEX SENSITIVE WHITENING 110g SINGLE,Drogarias Pacheco,Success,26.99,Pasta de Dente Elmex Sensitive Professional Whitening Dentes Sensíveis 110g,
8718951456440,CREME DENTAL ELMEX ELMEX SENSITIVE WHITENING 110g SINGLE,Drogal,Success,29.49,Creme Dental para Sensibilidade Elmex Sensitive Whitening 110g,
8718951456440,CREME DENTAL ELMEX ELMEX SENSITIVE WHITENING 110g SINGLE,Drogaria Venancio,Success,26.99,Creme Dental Elmex Sensitive Whitening 110g,
8718951456440,CREME DENTAL ELMEX ELMEX SENSITIVE WHITENING 110g SINGLE,Drogaria Catarinense,Success,31.99,Creme Dental Elmex Sensitive Professional Whitening 110g,
8718951456440,CREME DENTAL ELMEX ELMEX SENSITIVE WHITENING 110g SINGLE,Farmácia Indiana,Success,29.69,Creme Dental Elmex Sensitive Whitening 110g,
8718951193611,ENXAGUANTE ELMEX ELMEX ANTICÁRIES ANTICARIES 400ml SINGLE,Drogasil,Not Found,,,"Product found, but no price available."
8718951456440,CREME DENTAL ELMEX ELMEX SENSITIVE WHITENING 110g SINGLE,Farmácias São João,Success,32.99,Creme Dental para Sensibilidade Elmex Sensitive Professional Whitening 110g,
8718951539129,CREME DENTAL ELMEX ELMEX SENSITIVE SENSITIVE PROFESSIONAL 75g SINGLE,Drogaria São Paulo,Success,21.39,Creme Dental para Sensibilidade Elmex Sensitive 75g,
8718951193642,ENXAGUANTE ELMEX ELMEX SENSITIVE SENSITIVE 400ml SINGLE,Droga Raia,Success,43.19,Enxaguante Bucal Sem Álcool Elmex Sensitive 400ml,
8718951539129,CREME DENTAL ELMEX ELMEX SENSITIVE SENSITIVE PROFESSIONAL 75g SINGLE,Drogarias Pacheco,Success,16.99,Pasta de Dente Elmex Sensitive Dentes Sensíveis 75g,
8718951539129,CREME DENTAL ELMEX ELMEX SENSITIVE SENSITIVE PROFESSIONAL 75g SINGLE,Pague Menos,Success,20.99,Creme Dental Elmex Sensitive Professional 75g,
8718951456440,CREME DENTAL ELMEX ELMEX SENSITIVE WHITENING 110g SINGLE,Droga Raia,Success,29.99,Creme Dental Elmex Sensitive Professional Whitening 110g,
8718951539129,CREME DENTAL ELMEX ELMEX SENSITIVE SENSITIVE PROFESSIONAL 75g SINGLE,Farmácias São João,Success,24.99,Creme Dental Elmex Sensitive Profissional 75g,
8718951539129,CREME DENTAL ELMEX ELMEX SENSITIVE SENSITIVE PROFESSIONAL 75g SINGLE,Drogal,Success,22.75,Creme Dental Para Sensibilidade Elmex Sensitive Professional 75g,
8718951539129,CREME DENTAL ELMEX ELMEX SENSITIVE SENSITIVE PROFESSIONAL 75g SINGLE,Drogaria Venancio,Success,16.99,Creme Dental Elmex Sensitive Professional 75g,
8718951539129,CREME DENTAL ELMEX ELMEX SENSITIVE SENSITIVE PROFESSIONAL 75g SINGLE,Drogaria Catarinense,Success,22.9,Creme Dental Elmex Sensitive Professional 75g,
8718951539129,CREME DENTAL ELMEX ELMEX SENSITIVE SENSITIVE PROFESSIONAL 75g SINGLE,Farmácia Indiana,Success,19.99,Creme Dental Colgate Sensitive Professional Sensibilidade 75 g,
8718951213524,CREME DENTAL ELMEX ELMEX SENSITIVE SENSITIVE PROFESSIONAL 110g SINGLE,Drogasil,Not Found,,,"Product found, but no price available."
8718951655331,CREME DENTAL ELMEX ELMEX SENSITIVE SENSITIVE PROFESSIONAL 110g BIPACK,Drogaria São Paulo,Success,47.62,Creme Dental Elmex Sensitive 2 Unidades De 110g,
8718951655331,CREME DENTAL ELMEX ELMEX SENSITIVE SENSITIVE PROFESSIONAL 110g BIPACK,Drogarias Pacheco,Success,45.07,Creme Dental Elmex Sensitive 2 Unidades De 110g,
8718951456440,CREME DENTAL ELMEX ELMEX SENSITIVE WHITENING 110g SINGLE,Drogasil,Not Found,,,"Product found, but no price available."
8718951655331,CREME DENTAL ELMEX ELMEX SENSITIVE SENSITIVE PROFESSIONAL 110g BIPACK,Pague Menos,Success,58.99,Kit Creme Dental Elmex Sensitive Professional 110g 2 Unidades,
8718951655331,CREME DENTAL ELMEX ELMEX SENSITIVE SENSITIVE PROFESSIONAL 110g BIPACK,Farmácias São João,Success,54.99,Kit Creme Dental Elmex Sensitive 110g 2 Unidades,
8718951655331,CREME DENTAL ELMEX ELMEX SENSITIVE SENSITIVE PROFESSIONAL 110g BIPACK,Drogal,Success,48.19,Kit Elmex Sensitive Profissional Creme Dental 2 Unidades 110g Cada,
8718951655331,CREME DENTAL ELMEX ELMEX SENSITIVE SENSITIVE PROFESSIONAL 110g BIPACK,Drogaria Venancio,Success,45.99,Creme Dental Elmex Sensitive Profissional Duo Pack 2 Unidades de 110g Cada,
8718951655331,CREME DENTAL ELMEX ELMEX SENSITIVE SENSITIVE PROFESSIONAL 110g BIPACK,Drogaria Catarinense,Success,50.89,Creme Dental Elmex Sensitive Professional 110g 2 Unidades,
8718951655331,CREME DENTAL ELMEX ELMEX SENSITIVE SENSITIVE PROFESSIONAL 110g BIPACK,Farmácia Indiana,Success,44.99,Creme Dental Elmex Sensitive Profissional 2x110g,
8718951658240,CREME DENTAL ELMEX ELMEX ANTICÁRIES S/ VERSAO 110g SINGLE,Drogaria São Paulo,Success,31.59,Pasta de Dente Elmex Anticáries Professional 110g,
8718951658240,CREME DENTAL ELMEX ELMEX ANTICÁRIES S/ VERSAO 110g SINGLE,Drogarias Pacheco,Success,28.59,Pasta de Dente Elmex Anticáries Professional 110g,
8718951658240,CREME DENTAL ELMEX ELMEX ANTICÁRIES S/ VERSAO 110g SINGLE,Pague Menos,Success,34.99,Creme Dental Elmex Anticárie Professional 110g,
8718951658240,CREME DENTAL ELMEX ELMEX ANTICÁRIES S/ VERSAO 110g SINGLE,Farmácias São João,Success,32.99,Creme Dental Elmex Anticáries Professional 110g,
8718951658240,CREME DENTAL ELMEX ELMEX ANTICÁRIES S/ VERSAO 110g SINGLE,Drogal,Success,29.49,Creme Dental Elmex Anticárie Professional 110g,
8718951658240,CREME DENTAL ELMEX ELMEX ANTICÁRIES S/ VERSAO 110g SINGLE,Drogaria Venancio,Success,26.99,Creme Dental Elmex Anticárie Professional 110g,
8718951658240,CREME DENTAL ELMEX ELMEX ANTICÁRIES S/ VERSAO 110g SINGLE,Drogaria Catarinense,Success,31.99,Creme Dental Elmex Anticárie Professional 110g,
8718951658240,CREME DENTAL ELMEX ELMEX ANTICÁRIES S/ VERSAO 110g SINGLE,Farmácia Indiana,Success,29.69,Creme Dental Elmex Anticárie Professional 110g,
8718951655331,CREME DENTAL ELMEX ELMEX SENSITIVE SENSITIVE PROFESSIONAL 110g BIPACK,Droga Raia,Success,48.59,Kit Creme Dental Elmex Sensitive Professional 110g 2 unidades,
8718951539129,CREME DENTAL ELMEX ELMEX SENSITIVE SENSITIVE PROFESSIONAL 75g SINGLE,Droga Raia,Not Found,,,"Product found, but no price available."
8718951725799,CREME DENTAL ELMEX ELMEX SENSITIVE SENSITIVE PROFESSIONAL 110g SINGLE,Drogaria São Paulo,Success,26.99,Pasta de Dente para Sensibilidade Elmex Sensitive Professional + Gengiva Repara & Previne 110g,
8718951725799,CREME DENTAL ELMEX ELMEX SENSITIVE SENSITIVE PROFESSIONAL 110g SINGLE,Drogarias Pacheco,Success,26.99,Pasta de Dente para Sensibilidade Elmex Sensitive Professional + Gengiva Repara & Previne 110g,
8718951539129,CREME DENTAL ELMEX ELMEX SENSITIVE SENSITIVE PROFESSIONAL 75g SINGLE,Drogasil,Not Found,,,"Product found, but no price available."
8718951725799,CREME DENTAL ELMEX ELMEX SENSITIVE SENSITIVE PROFESSIONAL 110g SINGLE,Pague Menos,Success,34.99,Creme dental para sensibilidade elmex Sensitive Professional + Gengivas 110g,
8718951655331,CREME DENTAL ELMEX ELMEX SENSITIVE SENSITIVE PROFESSIONAL 110g BIPACK,Drogasil,Not Found,,,"Product found, but no price available."
8718951725799,CREME DENTAL ELMEX ELMEX SENSITIVE SENSITIVE PROFESSIONAL 110g SINGLE,Drogal,Success,29.49,Creme Dental Elmex Sensitive Professional + Gengiva 110g,
8718951725799,CREME DENTAL ELMEX ELMEX SENSITIVE SENSITIVE PROFESSIONAL 110g SINGLE,Drogaria Venancio,Success,26.99,Creme Dental Elmex Sensitive Professional + Gengivas Repara e Previne 110g,
8718951725799,CREME DENTAL ELMEX ELMEX SENSITIVE SENSITIVE PROFESSIONAL 110g SINGLE,Farmácias São João,Success,32.99,Creme Dental Elmex Sensitive Profissional 110g,
8718951658240,CREME DENTAL ELMEX ELMEX ANTICÁRIES S/ VERSAO 110g SINGLE,Droga Raia,Success,29.99,Creme Dental Elmex Anticárie Professional 110g,
8718951725799,CREME DENTAL ELMEX ELMEX SENSITIVE SENSITIVE PROFESSIONAL 110g SINGLE,Drogaria Catarinense,Success,27.9,Creme Dental Elmex Sensitive + Gengiva 110gr,
8718951725799,CREME DENTAL ELMEX ELMEX SENSITIVE SENSITIVE PROFESSIONAL 110g SINGLE,Farmácia Indiana,Success,29.69,Creme Dental Elmex Sensitive Profissional +Gengiva Repara e Previne 110g,
8720689030700,ESCOVA DENTAL COLGATE COLGATE PHILIPS SERIES 35 1UND SINGLE,Drogaria São Paulo,Success,322.78,Escova de Dente Elétrica Colgate + Philips Sonicpro 35 1 Unidade,
8720689030700,ESCOVA DENTAL COLGATE COLGATE PHILIPS SERIES 35 1UND SINGLE,Pague Menos,Success,518.99,Escova de Dente Elétrica Philips Colgate Sonic Pro 35,
8720689030700,ESCOVA DENTAL COLGATE COLGATE PHILIPS SERIES 35 1UND SINGLE,Drogarias Pacheco,Success,322.78,Escova de Dente Elétrica Colgate + Philips Sonicpro 35 1 Unidade,
8718951658240,CREME DENTAL ELMEX ELMEX ANTICÁRIES S/ VERSAO 110g SINGLE,Drogasil,Not Found,,,"Product found, but no price available."
8710103967460,ESCOVA DENTAL COLGATE COLGATE PHILIPS LP PROFUNDA S50 2UND BIPACK - REFIL,Drogasil,Success,118.49,Refil para Escova de Dente Elétrica Philips Colgate SonicPro Limpeza Profunda com 2 unidades,
8720689030700,ESCOVA DENTAL COLGATE COLGATE PHILIPS SERIES 35 1UND SINGLE,Drogaria Venancio,Success,357.34,Escova Dental Elétrica Colgate Series 35 1 Unidade,
8720689030700,ESCOVA DENTAL COLGATE COLGATE PHILIPS SERIES 35 1UND SINGLE,Drogal,Success,322.79,Escova Dental Elétrica Philips Colgate SonicPro 35,
8720689030700,ESCOVA DENTAL COLGATE COLGATE PHILIPS SERIES 35 1UND SINGLE,Drogaria Catarinense,Not Found,,,"Product found, but no price available."
8720689030700,ESCOVA DENTAL COLGATE COLGATE PHILIPS SERIES 35 1UND SINGLE,Farmácias São João,Success,322.99,Escova Dental Elétrica Colgate Philips Sonic Pro 35,
8720689030700,ESCOVA DENTAL COLGATE COLGATE PHILIPS SERIES 35 1UND SINGLE,Farmácia Indiana,Success,324.79,Escova de Dente Elétrica Philips Colgate Sonic Pro 35,
8718951193642,ENXAGUANTE ELMEX ELMEX SENSITIVE SENSITIVE 400ml SINGLE,Drogasil,Not Found,,,"Product found, but no price available."
8718951725799,CREME DENTAL ELMEX ELMEX SENSITIVE SENSITIVE PROFESSIONAL 110g SINGLE,Drogasil,Not Found,,,"Product found, but no price available."
7891528038704,CREME DENTAL PREVENT S/ VERSAO 90g SINGLE,Drogasil,Success,20.49,Creme Dental Prevent Antiplaca com Flúor 90g,
8720689030700,ESCOVA DENTAL COLGATE COLGATE PHILIPS SERIES 35 1UND SINGLE,Drogasil,Success,414.99,Escova de Dente Elétrica Colgate SonicPro 35,
8718951725799,CREME DENTAL ELMEX ELMEX SENSITIVE SENSITIVE PROFESSIONAL 110g SINGLE,Droga Raia,Success,27.49,Creme Dental Elmex Sensitive Professional + Gengiva 110g,
8720689030700,ESCOVA DENTAL COLGATE COLGATE PHILIPS SERIES 35 1UND SINGLE,Droga Raia,Success,414.99,Escova de Dente Elétrica Colgate SonicPro 35,
